,fighter,page_rank,D,L,NC,W,n_fights,perf_rat,adj_p_rank
0,Amanda Nunes,0.016237779478865077,0.0,1.0,0.0,8.0,9.0,0.8888888888888888,0.014433581758991178
1,Francis Ngannou,0.010725263797361922,0.0,0.0,0.0,7.0,7.0,1.0,0.010725263797361922
2,Jon Jones,0.009361920511861235,0.0,0.0,0.0,4.0,4.0,1.0,0.009361920511861235
3,Brandon Moreno,0.007937312935639183,8.0,1.0,0.0,7.0,16.0,0.9375,0.007441230877161734
4,Derrick Lewis,0.009091903222751774,0.0,2.0,0.0,9.0,11.0,0.8181818181818182,0.007438829909524179
5,Stipe Miocic,0.011097192148951517,0.0,2.0,0.0,4.0,6.0,0.6666666666666666,0.0073981280993010105
6,Julianna Pena,0.009809696307929298,0.0,2.0,0.0,5.0,7.0,0.7142857142857143,0.007006925934235213
7,Henry Cejudo,0.006662284330964499,0.0,0.0,0.0,4.0,4.0,1.0,0.006662284330964499
8,Valentina Shevchenko,0.006565085473563651,0.0,0.0,0.0,11.0,11.0,1.0,0.006565085473563651
9,Jan Blachowicz,0.007022740763816246,0.0,1.0,0.0,10.0,11.0,0.9090909090909091,0.006384309785287496
10,Kamaru Usman,0.005094669223426709,0.0,0.0,0.0,9.0,9.0,1.0,0.005094669223426709
11,Deiveson Figueiredo,0.004974286348003892,4.0,1.0,0.0,11.0,16.0,0.9375,0.004663393451253648
12,Glover Teixeira,0.0045301889707038065,0.0,0.0,0.0,7.0,7.0,1.0,0.0045301889707038065
13,Aljamain Sterling,0.00447707687885315,0.0,0.0,0.0,7.0,7.0,1.0,0.00447707687885315
14,Charles Oliveira,0.004039646467652335,0.0,0.0,0.0,11.0,11.0,1.0,0.004039646467652335
15,Askar Askarov,0.004295089053771831,4.0,1.0,0.0,6.0,11.0,0.9090909090909091,0.003904626412519846
16,Germaine de Randamie,0.00576379993276558,0.0,2.0,0.0,4.0,6.0,0.6666666666666666,0.0038425332885103866
17,Israel Adesanya,0.004665980042523535,0.0,2.0,0.0,8.0,10.0,0.8,0.0037327840340188284
18,Khabib Nurmagomedov,0.003664369723693664,0.0,0.0,0.0,4.0,4.0,1.0,0.003664369723693664
19,Belal Muhammad,0.00363372152764522,0.0,0.0,2.0,9.0,11.0,1.0,0.00363372152764522
20,Alexander Volkanovski,0.003617377302703638,0.0,0.0,0.0,6.0,6.0,1.0,0.003617377302703638
21,Sergio Pettis,0.0035723528201250755,0.0,0.0,0.0,2.0,2.0,1.0,0.0035723528201250755
22,Ciryl Gane,0.0034714261132559546,0.0,1.0,0.0,12.0,13.0,0.9230769230769231,0.003204393335313189
23,Beneil Dariush,0.0031523718846269986,0.0,0.0,0.0,9.0,9.0,1.0,0.0031523718846269986
24,Stephen Thompson,0.004545191934382746,0.0,2.0,0.0,4.0,6.0,0.6666666666666666,0.003030127956255164
25,Curtis Blaydes,0.0037777825154141956,0.0,2.0,0.0,8.0,10.0,0.8,0.0030222260123313567
26,Dustin Poirier,0.004791650586343613,0.0,3.0,0.0,5.0,8.0,0.625,0.0029947816164647583
27,TJ Dillashaw,0.0028178407461944507,0.0,0.0,0.0,1.0,1.0,1.0,0.0028178407461944507
28,Neil Magny,0.00315493216816823,0.0,2.0,0.0,9.0,11.0,0.8181818181818182,0.002581308137592188
29,Leon Edwards,0.0025563066335880227,0.0,0.0,2.0,3.0,5.0,1.0,0.0025563066335880227
30,Max Holloway,0.004504649141136495,0.0,4.0,0.0,5.0,9.0,0.5555555555555556,0.002502582856186942
31,Vicente Luque,0.0031257954307166297,0.0,3.0,0.0,11.0,14.0,0.7857142857142857,0.0024559821241344946
32,Derek Brunson,0.0026722234414790227,0.0,1.0,0.0,7.0,8.0,0.875,0.002338195511294145
33,Robert Whittaker,0.003445974102861457,0.0,3.0,0.0,6.0,9.0,0.6666666666666666,0.0022973160685743044
34,Dominick Cruz,0.003818414448584835,0.0,2.0,0.0,3.0,5.0,0.6,0.002291048669150901
35,Rob Font,0.0030442356492771444,0.0,2.0,0.0,5.0,7.0,0.7142857142857143,0.00217445403519796
36,Kai Kara-France,0.0032302415788365356,0.0,4.0,0.0,8.0,12.0,0.6666666666666666,0.0021534943858910237
37,Rafael Dos Anjos,0.0038553622337248357,0.0,4.0,0.0,5.0,9.0,0.5555555555555556,0.002141867907624909
38,Demian Maia,0.003609033598009819,0.0,3.0,0.0,4.0,7.0,0.5714285714285714,0.002062304913148468
39,Andrei Arlovski,0.0027416677265993702,0.0,4.0,0.0,11.0,15.0,0.7333333333333333,0.002010556332839538
40,Uriah Hall,0.0021926611090323294,0.0,1.0,0.0,6.0,7.0,0.8571428571428571,0.0018794238077419966
41,Sean Strickland,0.0018496170058115522,0.0,0.0,0.0,8.0,8.0,1.0,0.0018496170058115522
42,Mauricio Rua,0.002743024062425906,4.0,3.0,0.0,2.0,9.0,0.6666666666666666,0.0018286827082839375
43,Gilbert Burns,0.0023977777989021174,0.0,3.0,0.0,9.0,12.0,0.75,0.001798333349176588
44,Holly Holm,0.0026971355830218077,0.0,2.0,0.0,4.0,6.0,0.6666666666666666,0.001798090388681205
45,Nicolas Dalby,0.0020889950742366092,0.0,1.0,2.0,4.0,7.0,0.8571428571428571,0.001790567206488522
46,Michael Chiesa,0.002367328992602885,0.0,2.0,0.0,6.0,8.0,0.75,0.0017754967444521636
47,Islam Makhachev,0.0017562671526037375,0.0,0.0,0.0,7.0,7.0,1.0,0.0017562671526037375
48,Carla Esparza,0.001735874880365793,0.0,0.0,0.0,8.0,8.0,1.0,0.001735874880365793
49,Alistair Overeem,0.003456386419442893,0.0,4.0,0.0,4.0,8.0,0.5,0.0017281932097214464
50,Ricky Glenn,0.0017114906583203416,2.0,0.0,0.0,1.0,3.0,1.0,0.0017114906583203416
51,Petr Yan,0.0024422082787622303,0.0,3.0,0.0,7.0,10.0,0.7,0.001709545795133561
52,Alexandre Pantoja,0.0030651494984001424,0.0,4.0,0.0,5.0,9.0,0.5555555555555556,0.0017028608324445237
53,Paul Craig,0.001961147535579868,4.0,2.0,0.0,8.0,14.0,0.8571428571428571,0.0016809836019256012
54,Anthony Smith,0.002613542838077324,0.0,4.0,0.0,7.0,11.0,0.6363636363636364,0.0016631636242310243
55,Marvin Vettori,0.0017617345150719404,0.0,1.0,0.0,11.0,12.0,0.9166666666666666,0.001614923305482612
56,Jose Aldo,0.0032056877136847723,0.0,4.0,0.0,4.0,8.0,0.5,0.0016028438568423862
57,Carlos Condit,0.0019738254119358355,0.0,1.0,0.0,4.0,5.0,0.8,0.0015790603295486685
58,Conor McGregor,0.003941989284381873,0.0,3.0,0.0,2.0,5.0,0.4,0.0015767957137527494
59,Merab Dvalishvili,0.0015522942354371577,0.0,0.0,0.0,9.0,9.0,1.0,0.0015522942354371577
60,Anthony Pettis,0.0030938172119751852,0.0,4.0,0.0,4.0,8.0,0.5,0.0015469086059875926
61,Rustam Khabilov,0.001541172138164845,0.0,0.0,0.0,2.0,2.0,1.0,0.001541172138164845
62,Joe Lauzon,0.0015267627846851997,0.0,0.0,0.0,2.0,2.0,1.0,0.0015267627846851997
63,Colby Covington,0.0024325294767372167,0.0,3.0,0.0,5.0,8.0,0.625,0.0015203309229607604
64,Alan Jouban,0.0015155336799501024,0.0,0.0,0.0,2.0,2.0,1.0,0.0015155336799501024
65,Cub Swanson,0.0021132485686415053,0.0,2.0,0.0,5.0,7.0,0.7142857142857143,0.001509463263315361
66,Song Yadong,0.001780297270422329,4.0,2.0,0.0,7.0,13.0,0.8461538461538461,0.0015064053826650476
67,Fabricio Werdum,0.002979311733932731,0.0,2.0,0.0,2.0,4.0,0.5,0.0014896558669663656
68,Rafael Fiziev,0.0014663378067090048,0.0,0.0,0.0,8.0,8.0,1.0,0.0014663378067090048
69,Joseph Benavidez,0.005736345402710033,0.0,6.0,0.0,2.0,8.0,0.25,0.0014340863506775083
70,Cristiane Justino,0.0014336597976345536,0.0,0.0,0.0,2.0,2.0,1.0,0.0014336597976345536
71,Rose Namajunas,0.0017115737197033367,0.0,1.0,0.0,5.0,6.0,0.8333333333333334,0.001426311433086114
72,Cody Garbrandt,0.002798513399930457,0.0,2.0,0.0,2.0,4.0,0.5,0.0013992566999652286
73,Marlon Vera,0.0019990546289485834,0.0,4.0,0.0,9.0,13.0,0.6923076923076923,0.0013839608969644038
74,Grant Dawson,0.001369153733162824,2.0,0.0,0.0,9.0,11.0,1.0,0.001369153733162824
75,Cory Sandhagen,0.0022365054645604545,0.0,4.0,0.0,6.0,10.0,0.6,0.0013419032787362728
76,Tai Tuivasa,0.0020641071633728182,0.0,4.0,0.0,7.0,11.0,0.6363636363636364,0.001313522740328157
77,Corey Anderson,0.002580085336233905,0.0,2.0,0.0,2.0,4.0,0.5,0.0012900426681169525
78,Jairzinho Rozenstruik,0.0019439068571771257,0.0,5.0,0.0,9.0,14.0,0.6428571428571429,0.0012496544081852952
79,Brandon Royval,0.0018242932073935922,0.0,3.0,0.0,6.0,9.0,0.6666666666666666,0.001216195471595728
80,Brian Ortega,0.0018144926792750555,0.0,1.0,0.0,2.0,3.0,0.6666666666666666,0.0012096617861833703
81,Raquel Pennington,0.0015505067530162875,0.0,2.0,0.0,7.0,9.0,0.7777777777777778,0.0012059496967904459
82,Geoff Neal,0.002151339199690028,0.0,4.0,0.0,5.0,9.0,0.5555555555555556,0.0011951884442722377
83,Chan Sung Jung,0.0019061038672907472,0.0,3.0,0.0,5.0,8.0,0.625,0.001191314917056717
84,Magomed Ankalaev,0.0011858828974343095,0.0,0.0,0.0,10.0,10.0,1.0,0.0011858828974343095
85,Ricky Simon,0.0018521671671423482,0.0,4.0,0.0,7.0,11.0,0.6363636363636364,0.0011786518336360397
86,Alexander Volkov,0.0018213958057248856,0.0,4.0,0.0,7.0,11.0,0.6363636363636364,0.0011590700581885637
87,Nate Diaz,0.002846861101181264,0.0,3.0,0.0,2.0,5.0,0.4,0.0011387444404725056
88,Francisco Trinaldo,0.0015547422111165774,0.0,3.0,0.0,8.0,11.0,0.7272727272727273,0.0011307216080847836
89,Josh Emmett,0.0011288468569976835,0.0,0.0,0.0,5.0,5.0,1.0,0.0011288468569976835
90,Jorge Masvidal,0.0025193576241689204,0.0,5.0,0.0,4.0,9.0,0.4444444444444444,0.0011197144996306313
91,Alex Caceres,0.0012261308303942568,0.0,1.0,0.0,9.0,10.0,0.9,0.001103517747354831
92,Jared Cannonier,0.0016482201015754125,0.0,2.0,0.0,4.0,6.0,0.6666666666666666,0.001098813401050275
93,Sean Brady,0.001078199324149654,0.0,0.0,0.0,9.0,9.0,1.0,0.001078199324149654
94,Megan Anderson,0.0021478824900659902,0.0,4.0,0.0,4.0,8.0,0.5,0.0010739412450329951
95,Volkan Oezdemir,0.0018682567329751446,0.0,3.0,0.0,4.0,7.0,0.5714285714285714,0.0010675752759857968
96,Justin Gaethje,0.00170509613278824,0.0,3.0,0.0,5.0,8.0,0.625,0.0010656850829926499
97,Tim Means,0.0013404804867798523,0.0,2.0,0.0,7.0,9.0,0.7777777777777778,0.0010425959341621074
98,Leonardo Santos,0.0018137730751507718,0.0,3.0,0.0,4.0,7.0,0.5714285714285714,0.0010364417572290123
99,Omari Akhmedov,0.0015344695878881443,0.0,3.0,0.0,6.0,9.0,0.6666666666666666,0.0010229797252587628
100,Tom Aspinall,0.0010085748331571931,0.0,0.0,0.0,8.0,8.0,1.0,0.0010085748331571931
101,Marina Rodriguez,0.0011739166237376742,4.0,2.0,0.0,8.0,14.0,0.8571428571428571,0.0010062142489180065
102,Ovince Saint Preux,0.0019980489506357963,0.0,5.0,0.0,5.0,10.0,0.5,0.0009990244753178982
103,John Dodson,0.001977596829483134,0.0,2.0,0.0,2.0,4.0,0.5,0.000988798414741567
104,Yair Rodriguez,0.001226933922166753,0.0,1.0,2.0,2.0,5.0,0.8,0.0009815471377334025
105,Calvin Kattar,0.0015382236258361323,0.0,4.0,0.0,7.0,11.0,0.6363636363636364,0.0009788695800775388
106,Brad Tavares,0.0016287203071052067,0.0,2.0,0.0,3.0,5.0,0.6,0.000977232184263124
107,Ketlen Vieira,0.0022703112014052632,0.0,4.0,0.0,3.0,7.0,0.42857142857142855,0.0009729905148879699
108,Marcin Tybura,0.0012655963847800831,0.0,3.0,0.0,9.0,12.0,0.75,0.0009491972885850624
109,Ben Rothwell,0.0018790442686276907,0.0,5.0,0.0,5.0,10.0,0.5,0.0009395221343138453
110,Daniel Rodriguez,0.001126911031232464,0.0,2.0,0.0,10.0,12.0,0.8333333333333334,0.0009390925260270534
111,Zubaira Tukhugov,0.0012039376686989762,4.0,2.0,0.0,3.0,9.0,0.7777777777777778,0.0009363959645436481
112,Chris Curtis,0.0009267245463319353,0.0,0.0,0.0,2.0,2.0,1.0,0.0009267245463319353
113,James Krause,0.0013733368420504415,0.0,2.0,0.0,4.0,6.0,0.6666666666666666,0.0009155578947002943
114,Aleksandar Rakic,0.0012051531814165593,0.0,2.0,0.0,6.0,8.0,0.75,0.0009038648860624195
115,Jim Miller,0.0017678913559109118,0.0,6.0,0.0,6.0,12.0,0.5,0.0008839456779554559
116,Darren Till,0.0022035053902101013,0.0,3.0,0.0,2.0,5.0,0.4,0.0008814021560840405
117,Kevin Lee,0.003084588862486522,0.0,5.0,0.0,2.0,7.0,0.2857142857142857,0.0008813111035675777
118,Ed Herman,0.001026735086719808,0.0,1.0,0.0,6.0,7.0,0.8571428571428571,0.0008800586457598353
119,Irene Aldana,0.0015829566378254827,0.0,4.0,0.0,5.0,9.0,0.5555555555555556,0.0008794203543474904
120,Ilia Topuria,0.0008672268652947004,0.0,0.0,0.0,6.0,6.0,1.0,0.0008672268652947004
121,Warlley Alves,0.002166820976970403,0.0,3.0,0.0,2.0,5.0,0.4,0.0008667283907881611
122,Randy Brown,0.00108186639169665,0.0,2.0,0.0,8.0,10.0,0.8,0.0008654931133573201
123,Muslim Salikhov,0.0008636535614322525,0.0,0.0,0.0,7.0,7.0,1.0,0.0008636535614322525
124,Arnold Allen,0.0008625551129655532,0.0,0.0,0.0,7.0,7.0,1.0,0.0008625551129655532
125,Khamzat Chimaev,0.0008506687279992281,0.0,0.0,0.0,8.0,8.0,1.0,0.0008506687279992281
126,Ricardo Lamas,0.0017003765265906675,0.0,2.0,0.0,2.0,4.0,0.5,0.0008501882632953338
127,Brad Riddell,0.0009521754837944592,0.0,1.0,0.0,7.0,8.0,0.875,0.0008331535483201519
128,Desmond Green,0.0008292252690226767,0.0,0.0,0.0,2.0,2.0,1.0,0.0008292252690226767
129,Cody Stamann,0.0015155121255681792,4.0,5.0,0.0,2.0,11.0,0.5454545454545454,0.0008266429775826431
130,Jessica Andrade,0.002065443967853032,0.0,6.0,0.0,4.0,10.0,0.4,0.0008261775871412128
131,Clay Guida,0.0024700699166260993,0.0,6.0,0.0,3.0,9.0,0.3333333333333333,0.0008233566388753664
132,Kyler Phillips,0.0009356644264270642,0.0,1.0,0.0,7.0,8.0,0.875,0.0008187063731236812
133,Jiri Prochazka,0.0008028535909062456,0.0,0.0,0.0,4.0,4.0,1.0,0.0008028535909062456
134,Niko Price,0.0015979781391073705,0.0,5.0,2.0,3.0,10.0,0.5,0.0007989890695536852
135,Erik Koch,0.0007963976698705691,0.0,0.0,0.0,2.0,2.0,1.0,0.0007963976698705691
136,Chris Weidman,0.0023843050434823594,0.0,4.0,0.0,2.0,6.0,0.3333333333333333,0.0007947683478274531
137,Dan Hooker,0.001455156615756242,0.0,6.0,0.0,7.0,13.0,0.5384615384615384,0.0007835458700225918
138,Urijah Faber,0.0015301629314439923,0.0,2.0,0.0,2.0,4.0,0.5,0.0007650814657219962
139,Jake Matthews,0.0010123924826303979,0.0,2.0,0.0,6.0,8.0,0.75,0.0007592943619727984
140,Lerone Murphy,0.0007529475515312202,4.0,0.0,0.0,5.0,9.0,1.0,0.0007529475515312202
141,Tatiana Suarez,0.0007490447993186866,0.0,0.0,0.0,2.0,2.0,1.0,0.0007490447993186866
142,Zabit Magomedsharipov,0.0007488572313844372,0.0,0.0,0.0,2.0,2.0,1.0,0.0007488572313844372
143,Renato Moicano,0.001683454015952705,0.0,5.0,0.0,4.0,9.0,0.4444444444444444,0.0007482017848678688
144,Edson Barboza,0.0022296364783928576,0.0,6.0,0.0,3.0,9.0,0.3333333333333333,0.0007432121594642858
145,Donald Cerrone,0.0044478609590334044,0.0,10.0,2.0,0.0,12.0,0.16666666666666666,0.0007413101598389007
146,Katlyn Chookagian,0.0010169204472306197,0.0,4.0,0.0,10.0,14.0,0.7142857142857143,0.0007263717480218712
147,Bobby Green,0.0012649866195094445,0.0,6.0,0.0,8.0,14.0,0.5714285714285714,0.0007228494968625396
148,Serghei Spivac,0.0009828166190185398,0.0,3.0,0.0,8.0,11.0,0.7272727272727273,0.0007147757229225744
149,Yana Kunitskaya,0.0012316558562148656,0.0,3.0,0.0,4.0,7.0,0.5714285714285714,0.0007038033464084946
150,Li Jingliang,0.0012207958551636415,0.0,3.0,0.0,4.0,7.0,0.5714285714285714,0.0006975976315220808
151,Frankie Edgar,0.0030958841522882486,0.0,7.0,0.0,2.0,9.0,0.2222222222222222,0.0006879742560640552
152,Diego Ferreira,0.001546229120249314,0.0,5.0,0.0,4.0,9.0,0.4444444444444444,0.0006872129423330284
153,Matt Brown,0.0017913266549735745,0.0,5.0,0.0,3.0,8.0,0.375,0.0006717474956150904
154,Court McGee,0.0020075927826427743,0.0,4.0,0.0,2.0,6.0,0.3333333333333333,0.000669197594214258
155,Marlon Moraes,0.0033307212104339927,0.0,8.0,0.0,2.0,10.0,0.2,0.0006661442420867985
156,Diego Sanchez,0.001977762886383967,0.0,4.0,0.0,2.0,6.0,0.3333333333333333,0.0006592542954613224
157,Joanna Jedrzejczyk,0.0013165437188285105,0.0,2.0,0.0,2.0,4.0,0.5,0.0006582718594142552
158,Movsar Evloev,0.0006498241961179599,0.0,0.0,0.0,7.0,7.0,1.0,0.0006498241961179599
159,Hakeem Dawodu,0.0007385318095428803,0.0,1.0,0.0,7.0,8.0,0.875,0.0006462153333500202
160,Aleksei Oleinik,0.0015250048226675811,0.0,7.0,0.0,5.0,12.0,0.4166666666666667,0.0006354186761114922
161,Kevin Holland,0.0009015347143916974,0.0,6.0,1.0,13.0,20.0,0.7,0.0006310743000741882
162,Ray Borg,0.0009377080982795815,0.0,2.0,0.0,4.0,6.0,0.6666666666666666,0.0006251387321863876
163,Shavkat Rakhmonov,0.0006231687937228881,0.0,0.0,0.0,4.0,4.0,1.0,0.0006231687937228881
164,Elizeu Zaleski dos Santos,0.0014485376012195177,0.0,4.0,0.0,3.0,7.0,0.42857142857142855,0.000620801829094079
165,Rani Yahya,0.0006204102962143518,4.0,0.0,0.0,3.0,7.0,1.0,0.0006204102962143518
166,Giga Chikadze,0.0006668943722349636,0.0,1.0,0.0,13.0,14.0,0.9285714285714286,0.0006192590599324662
167,Tony Ferguson,0.00242008573926741,0.0,6.0,0.0,2.0,8.0,0.25,0.0006050214348168525
168,Darren Elkins,0.0013591949644526028,0.0,5.0,0.0,4.0,9.0,0.4444444444444444,0.0006040866508678235
169,Raulian Paiva,0.0009535230319606564,0.0,3.0,0.0,5.0,8.0,0.625,0.0005959518949754102
170,Michel Pereira,0.000886483171626569,0.0,4.0,0.0,8.0,12.0,0.6666666666666666,0.0005909887810843793
171,Guram Kutateladze,0.0005838600283611886,0.0,0.0,0.0,2.0,2.0,1.0,0.0005838600283611886
172,Jeremy Stephens,0.0020286030047954777,0.0,5.0,2.0,0.0,7.0,0.2857142857142857,0.0005796008585129937
173,Paulo Costa,0.0014486782468697264,0.0,3.0,0.0,2.0,5.0,0.4,0.0005794712987478906
174,Pedro Munhoz,0.002306200529369389,0.0,6.0,0.0,2.0,8.0,0.25,0.0005765501323423473
175,Drew Dober,0.0008154466663861603,0.0,3.0,0.0,7.0,10.0,0.7,0.0005708126664703122
176,Kelvin Gastelum,0.0025439535704518566,0.0,7.0,0.0,2.0,9.0,0.2222222222222222,0.0005653230156559681
177,Tyson Pedro,0.0005600008721500008,0.0,0.0,0.0,1.0,1.0,1.0,0.0005600008721500008
178,Zak Cummings,0.0008316871134212672,0.0,2.0,0.0,4.0,6.0,0.6666666666666666,0.0005544580756141781
179,Matheus Nicolau,0.000553377924790986,0.0,0.0,0.0,4.0,4.0,1.0,0.000553377924790986
180,Dan Ige,0.0008016514362725642,0.0,4.0,0.0,8.0,12.0,0.6666666666666666,0.0005344342908483761
181,Casey Kenney,0.0008658057503394209,0.0,5.0,0.0,8.0,13.0,0.6153846153846154,0.0005328035386704128
182,Bryan Barberena,0.0009232358189037376,0.0,3.0,0.0,4.0,7.0,0.5714285714285714,0.00052756332508785
183,Alexander Hernandez,0.001053046455853876,0.0,5.0,0.0,5.0,10.0,0.5,0.000526523227926938
184,Phil Hawes,0.0006020398426449414,0.0,1.0,0.0,6.0,7.0,0.8571428571428571,0.0005160341508385212
185,Sam Alvey,0.001541879112514552,4.0,8.0,0.0,0.0,12.0,0.3333333333333333,0.0005139597041715174
186,Jamahal Hill,0.0005773806677309449,0.0,1.0,2.0,6.0,9.0,0.8888888888888888,0.0005132272602052844
187,Brendan Allen,0.0006660360511946513,0.0,3.0,0.0,10.0,13.0,0.7692307692307693,0.0005123354239958856
188,Alex Morono,0.0007647641299101907,0.0,4.0,0.0,8.0,12.0,0.6666666666666666,0.0005098427532734605
189,Alex Perez,0.0007632977928496001,0.0,2.0,0.0,4.0,6.0,0.6666666666666666,0.0005088651952330667
190,Claudia Gadelha,0.0007468763192239164,0.0,2.0,0.0,4.0,6.0,0.6666666666666666,0.0004979175461492776
191,Santiago Ponzinibbio,0.00196765938448491,0.0,3.0,0.0,1.0,4.0,0.25,0.0004919148461212275
192,Jeremiah Wells,0.0004851339347786776,0.0,0.0,0.0,2.0,2.0,1.0,0.0004851339347786776
193,Raoni Barcelos,0.0007265411145417611,0.0,2.0,0.0,4.0,6.0,0.6666666666666666,0.00048436074302784073
194,Bryce Mitchell,0.00048321712519297315,0.0,0.0,0.0,7.0,7.0,1.0,0.00048321712519297315
195,Arman Tsarukyan,0.0004808385011355535,0.0,0.0,0.0,8.0,8.0,1.0,0.0004808385011355535
196,Zhang Weili,0.0008412012933024633,0.0,3.0,0.0,4.0,7.0,0.5714285714285714,0.00048068645331569333
197,Pat Sabatini,0.0004740605497415819,0.0,0.0,0.0,5.0,5.0,1.0,0.0004740605497415819
198,Miesha Tate,0.0009314170305268309,0.0,1.0,0.0,1.0,2.0,0.5,0.00046570851526341544
199,Ryan Hall,0.0006204747887175864,0.0,1.0,0.0,3.0,4.0,0.75,0.00046535609153818984
200,Krzysztof Jotko,0.000618691088640533,0.0,2.0,0.0,6.0,8.0,0.75,0.0004640183164803998
201,Andre Muniz,0.00045392721514800864,0.0,0.0,0.0,6.0,6.0,1.0,0.00045392721514800864
202,Jack Hermansson,0.001185248738331785,0.0,5.0,0.0,3.0,8.0,0.375,0.0004444682768744194
203,Jimmie Rivera,0.0013235451812030708,0.0,4.0,0.0,2.0,6.0,0.3333333333333333,0.00044118172706769025
204,Claudio Puelles,0.00043656702079138663,0.0,0.0,0.0,5.0,5.0,1.0,0.00043656702079138663
205,Dustin Jacoby,0.0004362845950300093,4.0,0.0,0.0,7.0,11.0,1.0,0.0004362845950300093
206,Blagoy Ivanov,0.0010144197068332455,0.0,4.0,0.0,3.0,7.0,0.42857142857142855,0.00043475130292853375
207,Robbie Lawler,0.002129864378072092,0.0,4.0,0.0,1.0,5.0,0.2,0.00042597287561441837
208,Damir Ismagulov,0.00042488621835433675,0.0,0.0,0.0,3.0,3.0,1.0,0.00042488621835433675
209,Chas Skelly,0.00042414603647331376,0.0,0.0,0.0,3.0,3.0,1.0,0.00042414603647331376
210,Claudio Silva,0.0010385959889943604,0.0,3.0,0.0,2.0,5.0,0.4,0.0004154383955977442
211,Paul Felder,0.0012340277114500505,0.0,4.0,0.0,2.0,6.0,0.3333333333333333,0.00041134257048335015
212,Anthony Rocco Martin,0.0012300202218219365,0.0,4.0,0.0,2.0,6.0,0.3333333333333333,0.00041000674060731216
213,Marcos Rogerio de Lima,0.0006536360493565011,0.0,3.0,0.0,5.0,8.0,0.625,0.00040852253084781317
214,Sean O'Malley,0.0005098354925305992,0.0,2.0,0.0,8.0,10.0,0.8,0.0004078683940244794
215,Gunnar Nelson,0.0012139759342186813,0.0,2.0,0.0,1.0,3.0,0.3333333333333333,0.0004046586447395604
216,Michael Chandler,0.0006714856133377237,0.0,2.0,0.0,3.0,5.0,0.6,0.00040289136800263423
217,Gregor Gillespie,0.0007972351294304378,0.0,2.0,0.0,2.0,4.0,0.5,0.0003986175647152189
218,Andre Fili,0.0007967215753343372,0.0,5.0,1.0,4.0,10.0,0.5,0.0003983607876671686
219,Cynthia Calvillo,0.0006598047879522472,4.0,4.0,0.0,2.0,10.0,0.6,0.0003958828727713483
220,Thiago Santos,0.0031141375550157524,0.0,7.0,0.0,1.0,8.0,0.125,0.00038926719437696905
221,Chris Daukaus,0.0004992103233101702,0.0,2.0,0.0,7.0,9.0,0.7777777777777778,0.0003882746959079102
222,Felicia Spencer,0.0007725281081413896,0.0,5.0,0.0,5.0,10.0,0.5,0.0003862640540706948
223,Alex Oliveira,0.0011484790412251786,0.0,8.0,0.0,4.0,12.0,0.3333333333333333,0.0003828263470750595
224,Mateusz Gamrot,0.0005740084656866845,0.0,2.0,0.0,4.0,6.0,0.6666666666666666,0.00038267231045778966
225,Victor Henry,0.0003823494005997752,0.0,0.0,0.0,1.0,1.0,1.0,0.0003823494005997752
226,Gerald Meerschaert,0.0007100324028922465,0.0,7.0,0.0,8.0,15.0,0.5333333333333333,0.0003786839482091981
227,Davey Grant,0.0005017670958546564,0.0,2.0,0.0,6.0,8.0,0.75,0.0003763253218909923
228,Augusto Sakai,0.0007506057227800232,0.0,4.0,0.0,4.0,8.0,0.5,0.0003753028613900116
229,Ryan Spann,0.0005560898160344426,0.0,3.0,0.0,6.0,9.0,0.6666666666666666,0.0003707265440229617
230,Alexa Grasso,0.0004757350909287271,0.0,2.0,0.0,7.0,9.0,0.7777777777777778,0.0003700161818334544
231,Amanda Ribas,0.00044315785048067857,0.0,2.0,0.0,9.0,11.0,0.8181818181818182,0.00036258369584782796
232,Trevin Giles,0.0007242199093609862,0.0,6.0,0.0,6.0,12.0,0.5,0.0003621099546804931
233,Maryna Moroz,0.0003563365221411709,0.0,0.0,0.0,3.0,3.0,1.0,0.0003563365221411709
234,Khaos Williams,0.0005341366639925374,0.0,3.0,0.0,6.0,9.0,0.6666666666666666,0.00035609110932835827
235,Douglas Silva de Andrade,0.0005284069785607156,0.0,2.0,0.0,4.0,6.0,0.6666666666666666,0.000352271319040477
236,Thiago Moises,0.0005783101990923635,0.0,4.0,0.0,6.0,10.0,0.6,0.00034698611945541813
237,Mark Madsen,0.00034644663438160674,0.0,0.0,0.0,6.0,6.0,1.0,0.00034644663438160674
238,Jack Shore,0.0003406516690756778,0.0,0.0,0.0,8.0,8.0,1.0,0.0003406516690756778
239,Louis Smolka,0.0005809532152731248,0.0,3.0,0.0,4.0,7.0,0.5714285714285714,0.000331973265870357
240,Chris Gutierrez,0.00032825409639573335,4.0,0.0,0.0,8.0,12.0,1.0,0.00032825409639573335
241,Timur Valiev,0.00039116675043150034,0.0,1.0,2.0,3.0,6.0,0.8333333333333334,0.0003259722920262503
242,Dominick Reyes,0.0012947536154318008,0.0,6.0,0.0,2.0,8.0,0.25,0.0003236884038579502
243,Daniel Pineda,0.0005364708057208833,0.0,2.0,1.0,2.0,5.0,0.6,0.00032188248343252996
244,Yan Xiaonan,0.0004246787062499005,0.0,2.0,0.0,6.0,8.0,0.75,0.0003185090296874254
245,Vinc Pichel,0.0003753577017459686,0.0,1.0,0.0,5.0,6.0,0.8333333333333334,0.0003127980847883072
246,Said Nurmagomedov,0.0005198461088363573,0.0,2.0,0.0,3.0,5.0,0.6,0.00031190766530181434
247,Shane Burgos,0.0006195295292918537,0.0,3.0,0.0,3.0,6.0,0.5,0.00030976476464592684
248,Jimmy Crute,0.0006944599768223645,0.0,5.0,0.0,4.0,9.0,0.4444444444444444,0.0003086488785877175
249,Tracy Cortez,0.0003085359446315188,0.0,0.0,0.0,7.0,7.0,1.0,0.0003085359446315188
250,Damon Jackson,0.0004602450673938336,0.0,2.0,0.0,4.0,6.0,0.6666666666666666,0.00030683004492922236
251,Jessica Penne,0.00030649972313386367,0.0,0.0,0.0,3.0,3.0,1.0,0.00030649972313386367
252,Jared Gordon,0.0004339780847231109,0.0,3.0,0.0,7.0,10.0,0.7,0.0003037846593061776
253,Macy Chiasson,0.0004751865567089625,0.0,3.0,0.0,5.0,8.0,0.625,0.0002969915979431016
254,Julian Erosa,0.0004441018424675628,0.0,3.0,0.0,6.0,9.0,0.6666666666666666,0.00029606789497837517
255,John Makdessi,0.0005854945171769316,0.0,2.0,0.0,2.0,4.0,0.5,0.0002927472585884658
256,Da-Un Jung,0.00029241884682789396,4.0,0.0,0.0,7.0,11.0,1.0,0.00029241884682789396
257,Jesse Ronson,0.000435025619223445,0.0,1.0,2.0,0.0,3.0,0.6666666666666666,0.00029001707948229666
258,Sara McMann,0.0004796233097747948,0.0,2.0,0.0,3.0,5.0,0.6,0.00028777398586487683
259,Brett Johns,0.0002873652438930409,0.0,0.0,0.0,4.0,4.0,1.0,0.0002873652438930409
260,Mackenzie Dern,0.0003784049390192866,0.0,3.0,0.0,9.0,12.0,0.75,0.00028380370426446495
261,Aspen Ladd,0.0005669407401976377,0.0,4.0,0.0,4.0,8.0,0.5,0.00028347037009881886
262,Klidson Abreu,0.00042433583612383203,0.0,2.0,2.0,2.0,6.0,0.6666666666666666,0.000282890557415888
263,Amanda Lemos,0.0003147105808913879,0.0,1.0,0.0,8.0,9.0,0.8888888888888888,0.0002797427385701226
264,Norma Dumont,0.0004823298982032487,0.0,3.0,0.0,4.0,7.0,0.5714285714285714,0.0002756170846875707
265,Lauren Murphy,0.00030158176376881326,0.0,1.0,0.0,9.0,10.0,0.9,0.00027142358739193194
266,Nikita Krylov,0.0009433856968947751,0.0,5.0,0.0,2.0,7.0,0.2857142857142857,0.0002695387705413643
267,Manon Fiorot,0.00026360262141484313,0.0,0.0,0.0,5.0,5.0,1.0,0.00026360262141484313
268,Alexandr Romanov,0.00026351603663149345,0.0,0.0,0.0,8.0,8.0,1.0,0.00026351603663149345
269,Alonzo Menifield,0.000519379377157187,0.0,5.0,0.0,5.0,10.0,0.5,0.0002596896885785935
270,Kyung Ho Kang,0.0003210647215914761,0.0,1.0,0.0,4.0,5.0,0.8,0.0002568517772731809
271,Jonathan Martinez,0.00038414058125103926,0.0,4.0,0.0,8.0,12.0,0.6666666666666666,0.00025609372083402614
272,Ion Cutelaba,0.00040228634922633434,4.0,4.0,0.0,3.0,11.0,0.6363636363636364,0.00025600040405312184
273,Jalin Turner,0.0002521740635403203,0.0,0.0,0.0,6.0,6.0,1.0,0.0002521740635403203
274,Joel Alvarez,0.00028213676408143733,0.0,1.0,0.0,7.0,8.0,0.875,0.00024686966857125764
275,Dricus Du Plessis,0.0002428298152584043,0.0,0.0,0.0,3.0,3.0,1.0,0.0002428298152584043
276,Tim Elliott,0.0005821311127697712,0.0,7.0,0.0,5.0,12.0,0.4166666666666667,0.000242554630320738
277,Ricardo Ramos,0.0003879397297480695,0.0,3.0,0.0,5.0,8.0,0.625,0.00024246233109254345
278,Sodiq Yusuff,0.00033932251852458544,0.0,2.0,0.0,5.0,7.0,0.7142857142857143,0.00024237322751756104
279,Adrian Yanez,0.0002406917192589665,0.0,0.0,0.0,6.0,6.0,1.0,0.0002406917192589665
280,Julio Arce,0.00041644867660535213,0.0,3.0,0.0,4.0,7.0,0.5714285714285714,0.0002379706723459155
281,Enrique Barzola,0.00031682512849834794,4.0,2.0,0.0,2.0,8.0,0.75,0.00023761884637376094
282,Randa Markos,0.0010238382186828156,0.0,10.0,0.0,3.0,13.0,0.23076923076923078,0.00023627035815757284
283,Ramazan Emeev,0.0004126507909944342,0.0,3.0,0.0,4.0,7.0,0.5714285714285714,0.00023580045199681954
284,Mike Davis,0.00023539827334342098,0.0,0.0,0.0,4.0,4.0,1.0,0.00023539827334342098
285,Misha Cirkunov,0.0007061830481684148,0.0,4.0,0.0,2.0,6.0,0.3333333333333333,0.00023539434938947158
286,Pannie Kianzad,0.000320221893248975,0.0,3.0,0.0,8.0,11.0,0.7272727272727273,0.0002328886496356182
287,Stevie Ray,0.00046125577834796295,0.0,2.0,0.0,2.0,4.0,0.5,0.00023062788917398147
288,Taila Santos,0.00023014588769621307,0.0,0.0,0.0,6.0,6.0,1.0,0.00023014588769621307
289,Walt Harris,0.0008011295026921364,0.0,5.0,0.0,2.0,7.0,0.2857142857142857,0.0002288941436263247
290,Devin Clark,0.000388557987296785,0.0,5.0,0.0,7.0,12.0,0.5833333333333334,0.0002266588259231246
291,Alexis Davis,0.00044904614175391013,0.0,3.0,0.0,3.0,6.0,0.5,0.00022452307087695507
292,Alatengheili,0.0002688227851553948,2.0,1.0,0.0,3.0,6.0,0.8333333333333334,0.00022401898762949566
293,Eryk Anders,0.00031831142542578926,0.0,3.0,2.0,5.0,10.0,0.7,0.00022281799779805248
294,Brian Kelleher,0.0003550077576675309,0.0,5.0,0.0,8.0,13.0,0.6153846153846154,0.00021846631241078824
295,Matt Schnell,0.0003473826320275142,0.0,3.0,1.0,4.0,8.0,0.625,0.00021711414501719635
296,Herbert Burns,0.00032327845074739436,0.0,2.0,0.0,4.0,6.0,0.6666666666666666,0.00021551896716492957
297,Max Griffin,0.0004285788903335223,0.0,5.0,0.0,5.0,10.0,0.5,0.00021428944516676114
298,JJ Aldrich,0.0002847929215792215,0.0,2.0,0.0,6.0,8.0,0.75,0.00021359469118441613
299,Michael Morales,0.00020939263122871736,0.0,0.0,0.0,1.0,1.0,1.0,0.00020939263122871736
300,Drakkar Klose,0.00034350659231807473,0.0,2.0,0.0,3.0,5.0,0.6,0.00020610395539084482
301,Makwan Amirkhani,0.0004499036482518904,0.0,6.0,0.0,5.0,11.0,0.45454545454545453,0.0002045016582963138
302,Sergei Pavlovich,0.00020437757916970525,0.0,0.0,0.0,3.0,3.0,1.0,0.00020437757916970525
303,Nasrat Haqparast,0.0003327320880306195,0.0,4.0,0.0,6.0,10.0,0.6,0.0001996392528183717
304,Julian Marquez,0.00019943582085699805,0.0,0.0,0.0,4.0,4.0,1.0,0.00019943582085699805
305,Edmen Shahbazyan,0.00039533989771526376,0.0,4.0,0.0,4.0,8.0,0.5,0.00019766994885763188
306,Nassourdine Imavov,0.0002942747962248936,0.0,2.0,0.0,4.0,6.0,0.6666666666666666,0.00019618319748326238
307,Khalil Rountree Jr.,0.0005865591885723354,0.0,4.0,0.0,2.0,6.0,0.3333333333333333,0.0001955197295241118
308,Darren Stewart,0.0002918753664921345,0.0,4.0,2.0,6.0,12.0,0.6666666666666666,0.000194583577661423
309,Trevin Jones,0.00028693940017298996,0.0,2.0,2.0,2.0,6.0,0.6666666666666666,0.00019129293344865997
310,Charles Jourdain,0.00028221318755233344,4.0,5.0,0.0,6.0,15.0,0.6666666666666666,0.00018814212503488894
311,Joe Solecki,0.00021831673435657154,0.0,1.0,0.0,6.0,7.0,0.8571428571428571,0.0001871286294484899
312,Nate Maness,0.00018691356674163613,0.0,0.0,0.0,5.0,5.0,1.0,0.00018691356674163613
313,Tecia Torres,0.00029487453075225723,0.0,3.0,0.0,5.0,8.0,0.625,0.00018429658172016078
314,Tristan Connelly,0.00045914298857343855,0.0,3.0,0.0,2.0,5.0,0.4,0.00018365719542937542
315,Ian Heinisch,0.0005047928102151308,0.0,7.0,0.0,4.0,11.0,0.36363636363636365,0.0001835610218964112
316,Casey O'Neill,0.00018254263201040677,0.0,0.0,0.0,5.0,5.0,1.0,0.00018254263201040677
317,Anthony Hernandez,0.0002546506970037783,0.0,2.0,0.0,5.0,7.0,0.7142857142857143,0.0001818933550026988
318,Michal Oleksiejczuk,0.00047866228149930556,0.0,5.0,0.0,3.0,8.0,0.375,0.00017949835556223959
319,Javid Basharat,0.00017349118815613733,0.0,0.0,0.0,1.0,1.0,1.0,0.00017349118815613733
320,Saidyokub Kakhramonov,0.00017349118815613733,0.0,0.0,0.0,1.0,1.0,1.0,0.00017349118815613733
321,Lina Lansberg,0.0003013077013274279,0.0,3.0,0.0,4.0,7.0,0.5714285714285714,0.0001721758293299588
322,Tanner Boser,0.0002880642703501291,0.0,5.0,0.0,7.0,12.0,0.5833333333333334,0.00016803749103757532
323,Danny Roberts,0.00033512635052573505,0.0,3.0,0.0,3.0,6.0,0.5,0.00016756317526286753
324,Dhiego Lima,0.0004145542150224836,0.0,3.0,0.0,2.0,5.0,0.4,0.00016582168600899345
325,Matt Frevola,0.00032994670287366255,0.0,3.0,0.0,3.0,6.0,0.5,0.00016497335143683128
326,Ismail Naurdiev,0.0004916130582335461,0.0,4.0,0.0,2.0,6.0,0.3333333333333333,0.00016387101941118203
327,Bruno Silva,0.0002655851542452536,0.0,5.0,2.0,6.0,13.0,0.6153846153846154,0.00016343701799707914
328,Lando Vannata,0.00043469449207989296,0.0,5.0,0.0,3.0,8.0,0.375,0.00016301043452995987
329,Maycee Barber,0.00032567362939843323,0.0,4.0,0.0,4.0,8.0,0.5,0.00016283681469921662
330,Matthew Semelsberger,0.0001891220388406053,0.0,1.0,0.0,6.0,7.0,0.8571428571428571,0.00016210460472051882
331,Rogerio Bontorin,0.0004309686045071134,0.0,5.0,1.0,2.0,8.0,0.375,0.00016161322669016752
332,Charles Rosa,0.0003554543051283685,0.0,6.0,0.0,5.0,11.0,0.45454545454545453,0.00016157013869471295
333,Scott Holtzman,0.00032248501311921954,0.0,4.0,0.0,4.0,8.0,0.5,0.00016124250655960977
334,Gavin Tucker,0.00021384997333711604,0.0,2.0,0.0,6.0,8.0,0.75,0.00016038748000283702
335,Shamil Gamzatov,0.00023881624691093117,0.0,1.0,0.0,2.0,3.0,0.6666666666666666,0.0001592108312739541
336,Montana De La Rosa,0.000271811926085518,4.0,5.0,0.0,3.0,12.0,0.5833333333333334,0.00015855695688321884
337,Josiane Nunes,0.00015759344409670896,0.0,0.0,0.0,2.0,2.0,1.0,0.00015759344409670896
338,Angela Hill,0.00031337422596293255,0.0,8.0,0.0,8.0,16.0,0.5,0.00015668711298146628
339,Makhmud Muradov,0.00018249954744508043,0.0,1.0,0.0,6.0,7.0,0.8571428571428571,0.00015642818352435464
340,Miguel Baeza,0.00023280217225805504,0.0,3.0,0.0,6.0,9.0,0.6666666666666666,0.0001552014481720367
341,Sumudaerji,0.00015480473262175545,0.0,0.0,0.0,3.0,3.0,1.0,0.00015480473262175545
342,Su Mudaerji,0.00015480473262175545,0.0,0.0,0.0,3.0,3.0,1.0,0.00015480473262175545
343,Jessica Eye,0.000696150435314026,0.0,7.0,0.0,2.0,9.0,0.2222222222222222,0.00015470009673645022
344,Armen Petrosyan,0.0001528782040709518,0.0,0.0,0.0,1.0,1.0,1.0,0.0001528782040709518
345,Joanne Calderwood,0.0003045870856296906,0.0,2.0,0.0,2.0,4.0,0.5,0.0001522935428148453
346,Viviane Araujo,0.0002261241986328301,0.0,3.0,0.0,6.0,9.0,0.6666666666666666,0.00015074946575522005
347,Virna Jandiroba,0.00023966656223115297,0.0,3.0,0.0,5.0,8.0,0.625,0.0001497916013944706
348,Mayra Bueno Silva,0.00021333466132783527,4.0,3.0,0.0,3.0,10.0,0.7,0.00014933426292948468
349,Karol Rosa,0.00017000932857382287,0.0,1.0,0.0,7.0,8.0,0.875,0.000148758162502095
350,Luis Pena,0.0002477822014333871,0.0,4.0,0.0,6.0,10.0,0.6,0.00014866932086003226
351,Lyman Good,0.00029586206617091953,0.0,2.0,0.0,2.0,4.0,0.5,0.00014793103308545976
352,Alex Pereira,0.0001472936088403377,0.0,0.0,0.0,2.0,2.0,1.0,0.0001472936088403377
353,Chance Rencountre,0.0002888397981315596,0.0,2.0,0.0,2.0,4.0,0.5,0.0001444198990657798
354,David Dvorak,0.00017313186703333711,0.0,1.0,0.0,5.0,6.0,0.8333333333333334,0.00014427655586111426
355,Luana Pinheiro,0.00014316904728620247,0.0,0.0,0.0,3.0,3.0,1.0,0.00014316904728620247
356,Nick Maximov,0.00014242077463269177,0.0,0.0,0.0,2.0,2.0,1.0,0.00014242077463269177
357,Gabe Green,0.0002372335204036921,0.0,2.0,0.0,3.0,5.0,0.6,0.00014234011224221525
358,Heili Alateng,0.00021079804827260967,0.0,1.0,0.0,2.0,3.0,0.6666666666666666,0.00014053203218173977
359,Sijara Eubanks,0.00038814771125609876,0.0,9.0,0.0,5.0,14.0,0.35714285714285715,0.00013862418259146385
360,Jennifer Maia,0.0003049439562737263,0.0,6.0,0.0,5.0,11.0,0.45454545454545453,0.00013861088921533011
361,Tom Breese,0.0004131000133544198,0.0,4.0,0.0,2.0,6.0,0.3333333333333333,0.00013770000445147325
362,Molly McCann,0.00022925315974133787,0.0,4.0,0.0,6.0,10.0,0.6,0.00013755189584480272
363,Cody Durden,0.0002191577745555844,4.0,3.0,0.0,1.0,8.0,0.625,0.00013697360909724026
364,Mickey Gall,0.0003174375993548228,0.0,4.0,0.0,3.0,7.0,0.42857142857142855,0.00013604468543778117
365,Andre Ewell,0.00027125233866865447,0.0,6.0,0.0,6.0,12.0,0.5,0.00013562616933432723
366,Eddie Wineland,0.00040652030157856914,0.0,4.0,0.0,2.0,6.0,0.3333333333333333,0.00013550676719285636
367,Johnny Walker,0.0005408991166592965,0.0,6.0,0.0,2.0,8.0,0.25,0.00013522477916482414
368,Montel Jackson,0.0001864207285064068,0.0,2.0,0.0,5.0,7.0,0.7142857142857143,0.000133157663218862
369,Wellington Turman,0.00029520092725976866,0.0,5.0,0.0,4.0,9.0,0.4444444444444444,0.00013120041211545273
370,Jonathan Pearce,0.00019555311814725622,0.0,2.0,0.0,4.0,6.0,0.6666666666666666,0.00013036874543150413
371,Kyle Daukaus,0.00025896011551193625,0.0,4.0,1.0,3.0,8.0,0.5,0.00012948005775596813
372,SeungWoo Choi,0.00020424003398244098,0.0,3.0,0.0,5.0,8.0,0.625,0.0001276500212390256
373,Ilir Latifi,0.0006379892738397975,0.0,4.0,0.0,1.0,5.0,0.2,0.0001275978547679595
374,Joaquin Buckley,0.0002119542837686598,0.0,4.0,0.0,6.0,10.0,0.6,0.00012717257026119587
375,Mike Perry,0.0006351435753214204,0.0,8.0,0.0,2.0,10.0,0.2,0.00012702871506428407
376,Erin Blanchfield,0.00012539035368467553,0.0,0.0,0.0,2.0,2.0,1.0,0.00012539035368467553
377,Marc Diakiese,0.00024962051090059135,0.0,3.0,0.0,3.0,6.0,0.5,0.00012481025545029567
378,Gillian Robertson,0.0002495229113813875,0.0,7.0,0.0,7.0,14.0,0.5,0.00012476145569069374
379,William Knight,0.00024754410990631087,0.0,4.0,0.0,4.0,8.0,0.5,0.00012377205495315544
380,Dwight Grant,0.0003704589196033101,0.0,4.0,0.0,2.0,6.0,0.3333333333333333,0.00012348630653443669
381,Nicolae Negumereanu,0.00012137900852733589,0.0,0.0,0.0,3.0,3.0,1.0,0.00012137900852733589
382,Andrea Lee,0.0002969477604807862,0.0,6.0,0.0,4.0,10.0,0.4,0.00011877910419231448
383,Bethe Correia,0.0002938942700897675,0.0,3.0,0.0,2.0,5.0,0.4,0.000117557708035907
384,Tagir Ulanbekov,0.00015654442947076957,0.0,1.0,0.0,3.0,4.0,0.75,0.00011740832210307717
385,Umar Nurmagomedov,0.00011715791542833015,0.0,0.0,0.0,3.0,3.0,1.0,0.00011715791542833015
386,Steven Peterson,0.0002325512041670865,0.0,3.0,0.0,3.0,6.0,0.5,0.00011627560208354325
387,Jeff Molina,0.00011601899958515044,0.0,0.0,0.0,3.0,3.0,1.0,0.00011601899958515044
388,Sabina Mazo,0.00019174789585129482,0.0,4.0,0.0,6.0,10.0,0.6,0.00011504873751077688
389,Jordan Leavitt,0.00014234249199776677,0.0,1.0,0.0,4.0,5.0,0.8,0.00011387399359821343
390,Danny Chavez,0.00017077376834229188,2.0,2.0,0.0,2.0,6.0,0.6666666666666666,0.00011384917889486125
391,Julia Avila,0.0001590181697982913,0.0,2.0,0.0,5.0,7.0,0.7142857142857143,0.00011358440699877949
392,Ronnie Lawrence,0.0001126452980900984,0.0,0.0,0.0,3.0,3.0,1.0,0.0001126452980900984
393,Benito Lopez,0.00011258134209369045,0.0,0.0,0.0,2.0,2.0,1.0,0.00011258134209369045
394,Youssef Zalal,0.0002050524134443852,0.0,5.0,0.0,6.0,11.0,0.5454545454545454,0.00011184677096966464
395,Ottman Azaitar,0.00011050169702090442,0.0,0.0,0.0,4.0,4.0,1.0,0.00011050169702090442
396,Cortney Casey,0.0002529286601085854,0.0,4.0,0.0,3.0,7.0,0.42857142857142855,0.00010839799718939373
397,Terrance McKinney,0.00016234992444113744,0.0,1.0,0.0,2.0,3.0,0.6666666666666666,0.00010823328296075829
398,Bryan Battle,0.00010763512055213197,0.0,0.0,0.0,2.0,2.0,1.0,0.00010763512055213197
399,Alan Patrick,0.0003198161385866664,0.0,2.0,1.0,0.0,3.0,0.3333333333333333,0.0001066053795288888
400,Muhammad Mokaev,0.00010655663172752224,0.0,0.0,0.0,1.0,1.0,1.0,0.00010655663172752224
401,Jimmy Flick,0.00010655663172752224,0.0,0.0,0.0,2.0,2.0,1.0,0.00010655663172752224
402,Miranda Maverick,0.00014854764724530023,0.0,2.0,0.0,5.0,7.0,0.7142857142857143,0.00010610546231807159
403,Josh Culibao,0.00014618031923125573,4.0,2.0,0.0,1.0,7.0,0.7142857142857143,0.00010441451373661124
404,Billy Quarantillo,0.00014889108151922963,0.0,3.0,0.0,7.0,10.0,0.7,0.00010422375706346074
405,Karl Roberson,0.0002331890291038644,0.0,5.0,0.0,4.0,9.0,0.4444444444444444,0.0001036395684906064
406,Roxanne Modafferi,0.0003085397947526106,0.0,8.0,0.0,4.0,12.0,0.3333333333333333,0.0001028465982508702
407,Mounir Lazzez,0.00017000838458414803,0.0,2.0,0.0,3.0,5.0,0.6,0.00010200503075048882
408,Jacob Malkoun,0.00017000838458414803,0.0,2.0,0.0,3.0,5.0,0.6,0.00010200503075048882
409,Don Madge,0.00010151742307925503,0.0,0.0,0.0,2.0,2.0,1.0,0.00010151742307925503
410,Nate Landwehr,0.0002344694661498171,0.0,4.0,0.0,3.0,7.0,0.42857142857142855,0.00010048691406420733
411,Montserrat Conejo,0.0001496728966795112,0.0,1.0,0.0,2.0,3.0,0.6666666666666666,9.978193111967413e-05
412,Kai Kamaka,0.0001989023394273772,2.0,4.0,0.0,2.0,8.0,0.5,9.94511697136886e-05
413,Andre Fialho,0.00014623244348817857,0.0,1.0,0.0,2.0,3.0,0.6666666666666666,9.748829565878572e-05
414,Mike Malott,9.747811400033336e-05,0.0,0.0,0.0,1.0,1.0,1.0,9.747811400033336e-05
415,Todd Duffee,9.729940092230628e-05,0.0,0.0,2.0,0.0,2.0,1.0,9.729940092230628e-05
416,Sean Woodson,0.00014480832361889065,0.0,2.0,0.0,4.0,6.0,0.6666666666666666,9.653888241259376e-05
417,Christos Giagos,0.0001541186207931472,0.0,3.0,0.0,5.0,8.0,0.625,9.632413799571701e-05
418,Mario Bautista,0.00013449144586977102,0.0,2.0,0.0,5.0,7.0,0.7142857142857143,9.606531847840787e-05
419,Gustavo Lopez,0.0001914573030625506,2.0,4.0,0.0,2.0,8.0,0.5,9.57286515312753e-05
420,Mason Jones,0.0001898839403988893,0.0,2.0,1.0,1.0,4.0,0.5,9.494197019944465e-05
421,Ariane Lipski,0.0001875579280901804,0.0,5.0,0.0,5.0,10.0,0.5,9.37789640450902e-05
422,Amir Albazi,9.373342216586499e-05,0.0,0.0,0.0,4.0,4.0,1.0,9.373342216586499e-05
423,Kennedy Nzechukwu,0.00013087390477427483,0.0,2.0,0.0,5.0,7.0,0.7142857142857143,9.348136055305346e-05
424,Rodolfo Vieira,0.00013058296401514987,0.0,2.0,0.0,5.0,7.0,0.7142857142857143,9.327354572510706e-05
425,Marc-Andre Barriault,0.00016926502428367567,0.0,5.0,2.0,4.0,11.0,0.5454545454545454,9.23263768820049e-05
426,Tucker Lutz,0.00018342840553505632,0.0,1.0,0.0,1.0,2.0,0.5,9.171420276752816e-05
427,Phil Rowe,0.0001362179398502543,0.0,1.0,0.0,2.0,3.0,0.6666666666666666,9.081195990016952e-05
428,Nathaniel Wood,0.0002720132516230459,0.0,4.0,0.0,2.0,6.0,0.3333333333333333,9.067108387434863e-05
429,Davi Ramos,0.0002706253428858949,0.0,4.0,0.0,2.0,6.0,0.3333333333333333,9.020844762863163e-05
430,Mike Jackson,9.000042088868165e-05,0.0,0.0,0.0,1.0,1.0,1.0,9.000042088868165e-05
431,Andrew Sanchez,0.0003149705931132736,0.0,5.0,0.0,2.0,7.0,0.2857142857142857,8.999159803236388e-05
432,Bill Algeo,0.0001786516052794283,0.0,3.0,0.0,3.0,6.0,0.5,8.932580263971415e-05
433,Jake Collier,0.00020460298433020948,0.0,4.0,0.0,3.0,7.0,0.42857142857142855,8.768699328437549e-05
434,Loma Lookboonmee,0.0001313448152736747,0.0,3.0,0.0,6.0,9.0,0.6666666666666666,8.756321018244979e-05
435,Joanne Wood,0.00030458708562969066,0.0,5.0,0.0,2.0,7.0,0.2857142857142857,8.702488160848305e-05
436,Priscila Cachoeira,0.00010731294381546708,0.0,1.0,0.0,4.0,5.0,0.8,8.585035505237368e-05
437,Sergey Khandozhko,0.0001429336738649977,0.0,2.0,0.0,3.0,5.0,0.6,8.576020431899862e-05
438,Melissa Gatto,0.0001285538545330313,0.0,1.0,0.0,2.0,3.0,0.6666666666666666,8.570256968868753e-05
439,Martin Buday,8.540565179671721e-05,0.0,0.0,0.0,1.0,1.0,1.0,8.540565179671721e-05
440,Roman Dolidze,0.00011937138750802401,0.0,2.0,0.0,5.0,7.0,0.7142857142857143,8.526527679144573e-05
441,Omar Morales,0.00012642803835064893,0.0,3.0,0.0,6.0,9.0,0.6666666666666666,8.428535890043262e-05
442,Luana Carolina,0.00016808382208590152,0.0,3.0,0.0,3.0,6.0,0.5,8.404191104295076e-05
443,Kanako Murata,0.00012582332815522327,0.0,1.0,0.0,2.0,3.0,0.6666666666666666,8.388221877014884e-05
444,Alessio Di Chirico,0.0003770011102872703,0.0,7.0,0.0,2.0,9.0,0.2222222222222222,8.377802450828228e-05
445,Michael Trizano,0.00020452832752086619,0.0,3.0,0.0,2.0,5.0,0.4,8.181133100834649e-05
446,Junyong Park,0.00012223559477504318,0.0,3.0,0.0,6.0,9.0,0.6666666666666666,8.149039651669545e-05
447,Gregory Rodrigues,0.00012175763613000312,0.0,1.0,0.0,2.0,3.0,0.6666666666666666,8.117175742000207e-05
448,Tony Gravely,0.0001296574171540622,0.0,3.0,0.0,5.0,8.0,0.625,8.103588572128887e-05
449,Aiemann Zahabi,8.074960025824977e-05,0.0,0.0,0.0,2.0,2.0,1.0,8.074960025824977e-05
450,Loopy Godinez,0.00015996293897899884,0.0,3.0,0.0,3.0,6.0,0.5,7.998146948949942e-05
451,Jarjis Danho,7.985285972872383e-05,0.0,0.0,0.0,2.0,2.0,1.0,7.985285972872383e-05
452,Azamat Murzakanov,7.963852764902079e-05,0.0,0.0,0.0,1.0,1.0,1.0,7.963852764902079e-05
453,Roosevelt Roberts,0.0001458676741578587,0.0,5.0,2.0,4.0,11.0,0.5454545454545454,7.956418590428657e-05
454,Austin Lingo,0.00013113766115648522,0.0,2.0,0.0,3.0,5.0,0.6,7.868259669389113e-05
455,Michelle Waterson,0.00031383934260690433,0.0,6.0,0.0,2.0,8.0,0.25,7.845983565172608e-05
456,Alejandro Perez,0.00031025908677254457,0.0,3.0,0.0,1.0,4.0,0.25,7.756477169313614e-05
457,Rafa Garcia,0.00019271445857539166,0.0,3.0,0.0,2.0,5.0,0.4,7.708578343015667e-05
458,Carlston Harris,0.00010182091843133616,0.0,1.0,0.0,3.0,4.0,0.75,7.636568882350212e-05
459,Greg Hardy,0.0001320604063793484,0.0,6.0,2.0,6.0,14.0,0.5714285714285714,7.546308935962765e-05
460,Jason Witt,0.0002012348356821599,0.0,5.0,0.0,3.0,8.0,0.375,7.546306338080996e-05
461,Polyana Viana,0.00011218120716937862,0.0,2.0,0.0,4.0,6.0,0.6666666666666666,7.478747144625241e-05
462,John Castaneda,0.00012449947378848883,0.0,2.0,0.0,3.0,5.0,0.6,7.469968427309329e-05
463,Paddy Pimblett,7.435385942177299e-05,0.0,0.0,0.0,2.0,2.0,1.0,7.435385942177299e-05
464,Chris Gruetzemacher,0.00029623909818835047,0.0,3.0,0.0,1.0,4.0,0.25,7.405977454708762e-05
465,Khama Worthy,0.00016508751860376194,0.0,5.0,0.0,4.0,9.0,0.4444444444444444,7.337223049056086e-05
466,Aliaskhab Khizriev,7.23657212252313e-05,0.0,0.0,0.0,1.0,1.0,1.0,7.23657212252313e-05
467,Melsik Baghdasaryan,7.23657212252313e-05,0.0,0.0,0.0,2.0,2.0,1.0,7.23657212252313e-05
468,Carlos Hernandez,7.23657212252313e-05,0.0,0.0,0.0,1.0,1.0,1.0,7.23657212252313e-05
469,Ricky Turcios,7.23657212252313e-05,0.0,0.0,0.0,1.0,1.0,1.0,7.23657212252313e-05
470,Jack Della Maddalena,7.23657212252313e-05,0.0,0.0,0.0,1.0,1.0,1.0,7.23657212252313e-05
471,Caio Borralho,7.23657212252313e-05,0.0,0.0,0.0,1.0,1.0,1.0,7.23657212252313e-05
472,Bea Malecki,8.96357958049966e-05,0.0,1.0,0.0,4.0,5.0,0.8,7.170863664399728e-05
473,Carlos Felipe,0.00011123352129070817,0.0,3.0,0.0,5.0,8.0,0.625,6.952095080669261e-05
474,Marcin Prachnio,0.00013877579558329713,0.0,3.0,0.0,3.0,6.0,0.5,6.938789779164856e-05
475,Chidi Njokuani,6.928595754576551e-05,0.0,0.0,0.0,1.0,1.0,1.0,6.928595754576551e-05
476,Gabriel Benitez,0.00027455368959149916,0.0,6.0,0.0,2.0,8.0,0.25,6.863842239787479e-05
477,Song Kenan,0.00010059356296602118,0.0,2.0,0.0,4.0,6.0,0.6666666666666666,6.706237531068078e-05
478,Ian Garry,6.64874880040812e-05,0.0,0.0,0.0,2.0,2.0,1.0,6.64874880040812e-05
479,Andre Petroski,6.64874880040812e-05,0.0,0.0,0.0,2.0,2.0,1.0,6.64874880040812e-05
480,Maurice Greene,0.00019867644259760817,0.0,8.0,0.0,4.0,12.0,0.3333333333333333,6.622548086586939e-05
481,Jailton Almeida,6.548675012171235e-05,0.0,0.0,0.0,1.0,1.0,1.0,6.548675012171235e-05
482,Maxim Grishin,0.00015260419509131182,0.0,4.0,0.0,3.0,7.0,0.42857142857142855,6.54017978962765e-05
483,Jessica-Rose Clark,0.00013000036297441175,0.0,3.0,0.0,3.0,6.0,0.5,6.500018148720587e-05
484,Deron Winn,0.00012988376300159213,0.0,4.0,0.0,4.0,8.0,0.5,6.494188150079606e-05
485,Punahele Soriano,9.704068081349288e-05,0.0,2.0,0.0,4.0,6.0,0.6666666666666666,6.469378720899525e-05
486,Abdul Razak Alhassan,0.0005126551951774327,0.0,7.0,0.0,1.0,8.0,0.125,6.408189939717909e-05
487,TJ Brown,0.0001484748720304529,0.0,4.0,0.0,3.0,7.0,0.42857142857142855,6.363208801305124e-05
488,Randy Costa,9.472273197994724e-05,0.0,2.0,0.0,4.0,6.0,0.6666666666666666,6.314848798663149e-05
489,Kamuela Kirk,0.00012269658658448177,0.0,1.0,0.0,1.0,2.0,0.5,6.134829329224089e-05
490,Piera Rodriguez,6.101752215717852e-05,0.0,0.0,0.0,1.0,1.0,1.0,6.101752215717852e-05
491,Jasmine Jasudavicius,6.101752215717852e-05,0.0,0.0,0.0,1.0,1.0,1.0,6.101752215717852e-05
492,Joanderson Brito,0.00012138059109514055,0.0,1.0,0.0,1.0,2.0,0.5,6.069029554757027e-05
493,Luis Saldana,8.034628416534611e-05,0.0,1.0,0.0,3.0,4.0,0.75,6.0259713124009585e-05
494,Antonina Shevchenko,0.00011871055838820704,0.0,4.0,0.0,4.0,8.0,0.5,5.935527919410352e-05
495,Jose Quinonez,0.0001763803359522649,0.0,4.0,0.0,2.0,6.0,0.3333333333333333,5.8793445317421635e-05
496,Miles Johns,9.358398576539257e-05,0.0,3.0,0.0,5.0,8.0,0.625,5.8489991103370355e-05
497,Ode Osbourne,0.00011471858718903037,0.0,3.0,0.0,3.0,6.0,0.5,5.7359293594515186e-05
498,Ludovit Klein,0.00011268519833224915,0.0,3.0,0.0,3.0,6.0,0.5,5.6342599166124576e-05
499,Hunter Azure,0.00011146172398255523,0.0,4.0,0.0,4.0,8.0,0.5,5.5730861991277615e-05
500,Batgerel Danaa,9.207886828527874e-05,0.0,2.0,0.0,3.0,5.0,0.6,5.524732097116724e-05
501,Albert Duraev,5.473102156178097e-05,0.0,0.0,0.0,1.0,1.0,1.0,5.473102156178097e-05
502,Chad Anheliger,5.473102156178097e-05,0.0,0.0,0.0,1.0,1.0,1.0,5.473102156178097e-05
503,Cheyanne Vlismas,8.130451621977196e-05,0.0,1.0,0.0,2.0,3.0,0.6666666666666666,5.4203010813181306e-05
504,Vince Morales,0.0001620881329849839,0.0,4.0,0.0,2.0,6.0,0.3333333333333333,5.4029377661661296e-05
505,Parker Porter,7.979578137694263e-05,0.0,2.0,0.0,4.0,6.0,0.6666666666666666,5.319718758462842e-05
506,Ji Yeon Kim,0.0001587507735456405,0.0,4.0,0.0,2.0,6.0,0.3333333333333333,5.2916924515213496e-05
507,Jamie Mullarkey,0.00013886786264021602,0.0,5.0,0.0,3.0,8.0,0.375,5.207544849008101e-05
508,Devonte Smith,0.00015584727268128044,0.0,4.0,0.0,2.0,6.0,0.3333333333333333,5.194909089376014e-05
509,Darrick Minner,0.00010305268520511859,0.0,4.0,0.0,4.0,8.0,0.5,5.152634260255929e-05
510,Tony Kelley,8.475268696710892e-05,0.0,2.0,0.0,3.0,5.0,0.6,5.0851612180265354e-05
511,Stephanie Egger,0.00010150752421941683,0.0,2.0,0.0,2.0,4.0,0.5,5.075376210970842e-05
512,Justine Kish,0.0001512329807158875,0.0,4.0,0.0,2.0,6.0,0.3333333333333333,5.04109935719625e-05
513,Damir Hadzovic,0.00024975824668556384,0.0,4.0,0.0,1.0,5.0,0.2,4.995164933711277e-05
514,Rodrigo Nascimento,8.31181298204048e-05,0.0,2.0,0.0,3.0,5.0,0.6,4.9870877892242885e-05
515,Austin Hubbard,0.00010763512055213197,0.0,7.0,0.0,6.0,13.0,0.46153846153846156,4.967774794713783e-05
516,Fares Ziam,9.838529282328506e-05,0.0,3.0,0.0,3.0,6.0,0.5,4.919264641164253e-05
517,Mariya Agapova,9.821007684827001e-05,0.0,3.0,0.0,3.0,6.0,0.5,4.9105038424135006e-05
518,Ignacio Bahamondes,9.780225834370272e-05,0.0,2.0,0.0,2.0,4.0,0.5,4.890112917185136e-05
519,Felipe Colares,8.499281011564811e-05,0.0,3.0,0.0,4.0,7.0,0.5714285714285714,4.856732006608463e-05
520,Danaa Batgerel,7.266569041303059e-05,0.0,1.0,0.0,2.0,3.0,0.6666666666666666,4.844379360868706e-05
521,Francisco Figueiredo,6.354837139350614e-05,0.0,1.0,0.0,3.0,4.0,0.75,4.7661278545129605e-05
522,Elise Reed,9.511352106715787e-05,0.0,1.0,0.0,1.0,2.0,0.5,4.7556760533578934e-05
523,Takashi Sato,0.00016629896057009173,0.0,5.0,0.0,2.0,7.0,0.2857142857142857,4.751398873431192e-05
524,Juan Espino,9.38903240971493e-05,0.0,2.0,0.0,2.0,4.0,0.5,4.694516204857465e-05
525,Impa Kasanganay,8.141575518186585e-05,0.0,3.0,0.0,4.0,7.0,0.5714285714285714,4.652328867535191e-05
526,Ariane Carnelossi,9.000042088868163e-05,0.0,3.0,0.0,3.0,6.0,0.5,4.5000210444340816e-05
527,Tafon Nchukwi,8.946597777871284e-05,0.0,3.0,0.0,3.0,6.0,0.5,4.473298888935642e-05
528,Malcolm Gordon,0.0001327867576511874,0.0,4.0,0.0,2.0,6.0,0.3333333333333333,4.4262252550395795e-05
529,Lara Procopio,0.00010977863050235442,0.0,3.0,0.0,2.0,5.0,0.4,4.391145220094177e-05
530,Frank Camacho,0.00012790375214921797,0.0,4.0,0.0,2.0,6.0,0.3333333333333333,4.263458404973932e-05
531,Rafael Alves,8.459583281289503e-05,0.0,1.0,0.0,1.0,2.0,0.5,4.229791640644752e-05
532,Chase Hooper,7.193225042652461e-05,0.0,3.0,0.0,4.0,7.0,0.5714285714285714,4.1104143100871205e-05
533,Cory McKenna,6.101752215717852e-05,0.0,1.0,0.0,2.0,3.0,0.6666666666666666,4.067834810478568e-05
534,Jamie Pickett,0.00012162494829632702,0.0,4.0,0.0,2.0,6.0,0.3333333333333333,4.0541649432109005e-05
535,David Onama,8.062754287864597e-05,0.0,1.0,0.0,1.0,2.0,0.5,4.0313771439322983e-05
536,Danilo Marques,5.971952688172473e-05,0.0,2.0,0.0,4.0,6.0,0.6666666666666666,3.9813017921149814e-05
537,Dalcha Lungiambula,7.935085575974276e-05,0.0,4.0,0.0,4.0,8.0,0.5,3.967542787987138e-05
538,Kyle Nelson,7.763184445566661e-05,0.0,2.0,0.0,2.0,4.0,0.5,3.8815922227833305e-05
539,Guido Cannetti,0.0001502627304705773,0.0,3.0,0.0,1.0,4.0,0.25,3.7565682617644325e-05
540,Ashley Yoder,0.00010149816515599313,0.0,7.0,0.0,4.0,11.0,0.36363636363636365,3.690842369308841e-05
541,Uros Medic,5.473102156178097e-05,0.0,1.0,0.0,2.0,3.0,0.6666666666666666,3.6487347707853976e-05
542,Veronica Macedo,7.265171773387004e-05,0.0,2.0,0.0,2.0,4.0,0.5,3.632585886693502e-05
543,Tyson Nam,9.06610469372476e-05,0.0,6.0,0.0,4.0,10.0,0.4,3.6264418774899046e-05
544,Preston Parsons,7.23657212252313e-05,0.0,1.0,0.0,1.0,2.0,0.5,3.618286061261565e-05
545,Tabatha Ricci,7.23657212252313e-05,0.0,1.0,0.0,1.0,2.0,0.5,3.618286061261565e-05
546,Daniel Teymur,7.23657212252313e-05,0.0,2.0,0.0,2.0,4.0,0.5,3.618286061261565e-05
547,CJ Vergara,7.23657212252313e-05,0.0,1.0,0.0,1.0,2.0,0.5,3.618286061261565e-05
548,Jordan Wright,8.439077829902773e-05,0.0,4.0,0.0,3.0,7.0,0.42857142857142855,3.616747641386903e-05
549,Journey Newson,8.412218766753153e-05,0.0,4.0,2.0,1.0,7.0,0.42857142857142855,3.60523661432278e-05
550,Ramiz Brahimaj,8.913347929126826e-05,0.0,3.0,0.0,2.0,5.0,0.4,3.5653391716507307e-05
551,David Zawada,8.88592467918416e-05,0.0,3.0,0.0,2.0,5.0,0.4,3.554369871673664e-05
552,Manel Kape,0.00010618687249872383,0.0,4.0,0.0,2.0,6.0,0.3333333333333333,3.539562416624127e-05
553,Oskar Piechota,0.00010538561585625971,0.0,4.0,2.0,0.0,6.0,0.3333333333333333,3.5128538618753236e-05
554,Jinh Yu Frey,8.072195108577718e-05,0.0,4.0,0.0,3.0,7.0,0.42857142857142855,3.4595121893904506e-05
555,Chris Barnett,0.00010159993681891101,0.0,2.0,0.0,1.0,3.0,0.3333333333333333,3.3866645606303665e-05
556,Sarah Moras,9.714788740107565e-05,0.0,4.0,0.0,2.0,6.0,0.3333333333333333,3.238262913369188e-05
557,Mike Rodriguez,8.712118191826285e-05,0.0,7.0,2.0,2.0,11.0,0.36363636363636365,3.168042978845922e-05
558,Brianna Van Buren,6.298878052149337e-05,0.0,2.0,0.0,2.0,4.0,0.5,3.1494390260746686e-05
559,Eduardo Garagorri,9.443731016301046e-05,0.0,4.0,0.0,2.0,6.0,0.3333333333333333,3.147910338767015e-05
560,Cody Brundage,6.224773998377201e-05,0.0,1.0,0.0,1.0,2.0,0.5,3.112386999188601e-05
561,Don'Tale Mayes,7.207674069276018e-05,0.0,4.0,0.0,3.0,7.0,0.42857142857142855,3.089003172546865e-05
562,Mana Martinez,6.090922397073036e-05,0.0,1.0,0.0,1.0,2.0,0.5,3.045461198536518e-05
563,Shana Dobson,0.00011908124172436312,0.0,6.0,0.0,2.0,8.0,0.25,2.977031043109078e-05
564,Ben Sosoli,5.80203807588207e-05,0.0,2.0,2.0,0.0,4.0,0.5,2.901019037941035e-05
565,Sasha Palatnikov,7.23657212252313e-05,0.0,3.0,0.0,2.0,5.0,0.4,2.8946288490092523e-05
566,Aleksa Camur,7.171172760779923e-05,0.0,3.0,0.0,2.0,5.0,0.4,2.868469104311969e-05
567,Alex Da Silva,5.7099551123936e-05,0.0,2.0,0.0,2.0,4.0,0.5,2.8549775561968e-05
568,Zarrukh Adashev,0.0001417052663669343,0.0,4.0,0.0,1.0,5.0,0.2,2.834105327338686e-05
569,Dusko Todorovic,5.583064728410374e-05,0.0,3.0,0.0,3.0,6.0,0.5,2.791532364205187e-05
570,Vanessa Demopoulos,5.473102156178097e-05,0.0,1.0,0.0,1.0,2.0,0.5,2.7365510780890484e-05
571,Natan Levy,5.473102156178097e-05,0.0,1.0,0.0,1.0,2.0,0.5,2.7365510780890484e-05
572,Viacheslav Borshchev,5.473102156178097e-05,0.0,1.0,0.0,1.0,2.0,0.5,2.7365510780890484e-05
573,Luigi Vendramini,5.444204102930984e-05,0.0,2.0,0.0,2.0,4.0,0.5,2.722102051465492e-05
574,Abubakar Nurmagomedov,5.444204102930984e-05,0.0,2.0,0.0,2.0,4.0,0.5,2.722102051465492e-05
575,Jordan Griffin,0.00010771688185350725,0.0,6.0,0.0,2.0,8.0,0.25,2.6929220463376812e-05
576,Justin Tafa,7.176920353869367e-05,0.0,5.0,0.0,3.0,8.0,0.375,2.6913451327010125e-05
577,Inoue Mizuki,5.0843646940384335e-05,0.0,2.0,0.0,2.0,4.0,0.5,2.5421823470192167e-05
578,Kay Hansen,7.547325702155562e-05,0.0,4.0,0.0,2.0,6.0,0.3333333333333333,2.515775234051854e-05
579,Gina Mazany,7.377861876004252e-05,0.0,4.0,0.0,2.0,6.0,0.3333333333333333,2.4592872920014173e-05
580,Kevin Croom,7.17836796472339e-05,0.0,4.0,2.0,0.0,6.0,0.3333333333333333,2.3927893215744634e-05
581,Callan Potter,4.701329745237857e-05,0.0,2.0,0.0,2.0,4.0,0.5,2.3506648726189285e-05
582,Livinha Souza,8.169488072656392e-05,0.0,5.0,0.0,2.0,7.0,0.2857142857142857,2.3341394493303976e-05
583,Jeff Hughes,6.79244780066762e-05,0.0,4.0,2.0,0.0,6.0,0.3333333333333333,2.2641492668892067e-05
584,Shayilan Nuerdanbieke,4.415020176371077e-05,0.0,1.0,0.0,1.0,2.0,0.5,2.2075100881855385e-05
585,Miranda Granger,6.573713934304086e-05,0.0,4.0,0.0,2.0,6.0,0.3333333333333333,2.191237978101362e-05
586,Khalid Taha,5.473102156178097e-05,0.0,3.0,2.0,0.0,5.0,0.4,2.189240862471239e-05
587,Jamall Emmers,5.473102156178097e-05,0.0,3.0,0.0,2.0,5.0,0.4,2.189240862471239e-05
588,Andreas Michailidis,5.473102156178097e-05,0.0,3.0,0.0,2.0,5.0,0.4,2.189240862471239e-05
589,Chase Sherman,7.306607891403424e-05,0.0,5.0,0.0,2.0,7.0,0.2857142857142857,2.0876022546866925e-05
590,John Allan,5.090217704999956e-05,0.0,3.0,2.0,0.0,5.0,0.4,2.0360870819999824e-05
591,Joselyne Edwards,5.0843646940384335e-05,0.0,3.0,0.0,2.0,5.0,0.4,2.0337458776153737e-05
592,Raphael Pessoa,5.862092477024864e-05,0.0,4.0,0.0,2.0,6.0,0.3333333333333333,1.9540308256749546e-05
593,Brok Weaver,5.7099551123936e-05,0.0,4.0,0.0,2.0,6.0,0.3333333333333333,1.9033183707978665e-05
594,Anderson Dos Santos,4.59136717300558e-05,0.0,3.0,0.0,2.0,5.0,0.4,1.836546869202232e-05
595,Johnny Munoz,5.473102156178097e-05,0.0,2.0,0.0,1.0,3.0,0.3333333333333333,1.8243673853926988e-05
596,Steve Garcia,5.473102156178097e-05,0.0,2.0,0.0,1.0,3.0,0.3333333333333333,1.8243673853926988e-05
597,Irwin Rivera,5.473102156178097e-05,0.0,4.0,0.0,2.0,6.0,0.3333333333333333,1.8243673853926988e-05
598,Aoriqileng,5.473102156178097e-05,0.0,2.0,0.0,1.0,3.0,0.3333333333333333,1.8243673853926988e-05
599,Christian Aguilera,5.473102156178097e-05,0.0,4.0,0.0,2.0,6.0,0.3333333333333333,1.8243673853926988e-05
600,John Phillips,5.473102156178097e-05,0.0,4.0,0.0,2.0,6.0,0.3333333333333333,1.8243673853926988e-05
601,Spike Carlyle,5.473102156178097e-05,0.0,4.0,0.0,2.0,6.0,0.3333333333333333,1.8243673853926988e-05
602,Kazula Vargas,6.311490059479944e-05,0.0,5.0,0.0,2.0,7.0,0.2857142857142857,1.8032828741371267e-05
603,Modestas Bukauskas,6.311490059479944e-05,0.0,5.0,0.0,2.0,7.0,0.2857142857142857,1.8032828741371267e-05
604,Jai Herbert,8.944553510052778e-05,0.0,4.0,0.0,1.0,5.0,0.2,1.7889107020105557e-05
605,Liana Jojua,5.793112752107022e-05,0.0,5.0,0.0,2.0,7.0,0.2857142857142857,1.6551750720305776e-05
606,Hannah Cifers,8.146906756559521e-05,0.0,8.0,0.0,2.0,10.0,0.2,1.6293813513119043e-05
607,Carlos Ulberg,4.885278834063086e-05,0.0,2.0,0.0,1.0,3.0,0.3333333333333333,1.6284262780210286e-05
608,Bevon Lewis,4.59136717300558e-05,0.0,4.0,0.0,2.0,6.0,0.3333333333333333,1.5304557243351934e-05
609,Hannah Goldy,6.024442407125168e-05,0.0,3.0,0.0,1.0,4.0,0.25,1.506110601781292e-05
610,Mallory Martin,5.258915736874657e-05,0.0,5.0,0.0,2.0,7.0,0.2857142857142857,1.5025473533927591e-05
611,Yorgan De Castro,5.984247286895386e-05,0.0,6.0,0.0,2.0,8.0,0.25,1.4960618217238465e-05
612,Domingo Pilarte,3.7096321898330635e-05,0.0,3.0,2.0,0.0,5.0,0.4,1.4838528759332254e-05
613,Gloria de Paula,5.793112752107022e-05,0.0,3.0,0.0,1.0,4.0,0.25,1.4482781880267555e-05
614,Philipe Lins,7.008299994135016e-05,0.0,4.0,0.0,1.0,5.0,0.2,1.4016599988270034e-05
615,Jordan Espinosa,6.97811679108058e-05,0.0,8.0,0.0,2.0,10.0,0.2,1.3956233582161161e-05
616,Rong Zhu,5.473102156178097e-05,0.0,3.0,0.0,1.0,4.0,0.25,1.3682755390445242e-05
617,Justin Jaynes,6.14433692400133e-05,0.0,7.0,0.0,2.0,9.0,0.2222222222222222,1.3654082053336287e-05
618,Vanessa Melo,5.2493429842938424e-05,0.0,6.0,0.0,2.0,8.0,0.25,1.3123357460734606e-05
619,Sergey Morozov,5.010561124656504e-05,0.0,3.0,0.0,1.0,4.0,0.25,1.252640281164126e-05
620,Josh Parisian,4.885278834063086e-05,0.0,3.0,0.0,1.0,4.0,0.25,1.2213197085157715e-05
621,Shanna Young,4.8788207581153026e-05,0.0,3.0,0.0,1.0,4.0,0.25,1.2197051895288256e-05
622,Diana Belbita,6.573713934304086e-05,0.0,5.0,0.0,1.0,6.0,0.16666666666666666,1.095618989050681e-05
623,Ike Villanueva,4.59136717300558e-05,0.0,7.0,0.0,2.0,9.0,0.2222222222222222,1.0203038162234622e-05
624,Jared Vanderaa,5.984247286895386e-05,0.0,5.0,0.0,1.0,6.0,0.16666666666666666,9.973745478158976e-06
625,Maki Pitolo,5.215149345395291e-05,0.0,9.0,0.0,2.0,11.0,0.18181818181818182,9.48208971890053e-06
626,Sam Hughes,5.473102156178097e-05,0.0,5.0,0.0,1.0,6.0,0.16666666666666666,9.121836926963494e-06
627,Jared Gooden,5.473102156178097e-05,0.0,5.0,0.0,1.0,6.0,0.16666666666666666,9.121836926963494e-06
628,Zhalgas Zhumagulov,4.59136717300558e-05,0.0,5.0,0.0,1.0,6.0,0.16666666666666666,7.652278621675967e-06
629,Alan Baudot,3.7096321898330635e-05,0.0,4.0,0.0,0.0,4.0,0.0,0.0
630,Carlos Huachin,3.7096321898330635e-05,0.0,2.0,0.0,0.0,2.0,0.0,0.0
631,Dean Barry,3.7096321898330635e-05,0.0,1.0,0.0,0.0,1.0,0.0,0.0
632,Erick Gonzalez,3.7096321898330635e-05,0.0,1.0,0.0,0.0,1.0,0.0,0.0
633,Mandy Bohm,3.7096321898330635e-05,0.0,1.0,0.0,0.0,1.0,0.0,0.0
634,Gadzhi Omargadzhiev,3.7096321898330635e-05,0.0,1.0,0.0,0.0,1.0,0.0,0.0
635,Cheyanne Buys,3.7096321898330635e-05,0.0,1.0,0.0,0.0,1.0,0.0,0.0
636,KB Bhullar,3.7096321898330635e-05,0.0,4.0,0.0,0.0,4.0,0.0,0.0
637,Kyle Stewart,3.7096321898330635e-05,0.0,2.0,0.0,0.0,2.0,0.0,0.0
638,Martin Sano,3.7096321898330635e-05,0.0,1.0,0.0,0.0,1.0,0.0,0.0
639,Daniel Santos,3.7096321898330635e-05,0.0,1.0,0.0,0.0,1.0,0.0,0.0
640,Vince Cachero,3.7096321898330635e-05,0.0,4.0,0.0,0.0,4.0,0.0,0.0
641,Jay Perrin,3.7096321898330635e-05,0.0,1.0,0.0,0.0,1.0,0.0,0.0
642,Dustin Stoltzfus,3.7096321898330635e-05,0.0,4.0,0.0,0.0,4.0,0.0,0.0
643,Denys Bondar,3.7096321898330635e-05,0.0,1.0,0.0,0.0,1.0,0.0,0.0
644,Mike Breeden,3.7096321898330635e-05,0.0,2.0,0.0,0.0,2.0,0.0,0.0
645,Trey Ogden,3.7096321898330635e-05,0.0,1.0,0.0,0.0,1.0,0.0,0.0
646,Silvana Gomez Juarez,3.7096321898330635e-05,0.0,2.0,0.0,0.0,2.0,0.0,0.0
647,Marcelo Rojo,3.7096321898330635e-05,0.0,3.0,0.0,0.0,3.0,0.0,0.0
648,Daniel Da Silva,3.7096321898330635e-05,0.0,2.0,0.0,0.0,2.0,0.0,0.0
649,Louis Cosce,3.7096321898330635e-05,0.0,2.0,0.0,0.0,2.0,0.0,0.0
650,Mark Striegl,3.7096321898330635e-05,0.0,3.0,0.0,0.0,3.0,0.0,0.0
651,Ange Loosa,3.7096321898330635e-05,0.0,1.0,0.0,0.0,1.0,0.0,0.0
652,Victor Altamirano,3.7096321898330635e-05,0.0,1.0,0.0,0.0,1.0,0.0,0.0
653,Isabela de Padua,3.7096321898330635e-05,0.0,2.0,0.0,0.0,2.0,0.0,0.0
654,Juancamilo Ronderos,3.7096321898330635e-05,0.0,1.0,0.0,0.0,1.0,0.0,0.0
655,Victor Rodriguez,3.7096321898330635e-05,0.0,3.0,0.0,0.0,3.0,0.0,0.0
656,Kris Moutinho,3.7096321898330635e-05,0.0,2.0,0.0,0.0,2.0,0.0,0.0
657,Sarah Frota,3.7096321898330635e-05,0.0,2.0,0.0,0.0,2.0,0.0,0.0
658,Yoshinori Horie,3.7096321898330635e-05,0.0,2.0,0.0,0.0,2.0,0.0,0.0
659,Jamey Simmons,3.7096321898330635e-05,0.0,3.0,0.0,0.0,3.0,0.0,0.0
660,Allan Nascimento,3.7096321898330635e-05,0.0,1.0,0.0,0.0,1.0,0.0,0.0
661,Peter Barrett,3.7096321898330635e-05,0.0,4.0,0.0,0.0,4.0,0.0,0.0
662,Dequan Townsend,3.7096321898330635e-05,0.0,8.0,0.0,0.0,8.0,0.0,0.0
663,Cameron Else,3.7096321898330635e-05,0.0,3.0,0.0,0.0,3.0,0.0,0.0
664,Yohan Lainesse,3.7096321898330635e-05,0.0,1.0,0.0,0.0,1.0,0.0,0.0
665,Duda Santana,3.7096321898330635e-05,0.0,2.0,0.0,0.0,2.0,0.0,0.0
666,Sung Bin Jo,3.7096321898330635e-05,0.0,2.0,0.0,0.0,2.0,0.0,0.0
667,Ramona Pascual,3.7096321898330635e-05,0.0,1.0,0.0,0.0,1.0,0.0,0.0
668,Victoria Leonardo,3.7096321898330635e-05,0.0,3.0,0.0,0.0,3.0,0.0,0.0
669,Brady Hiestand,3.7096321898330635e-05,0.0,1.0,0.0,0.0,1.0,0.0,0.0
670,Jordan Williams,3.7096321898330635e-05,0.0,4.0,0.0,0.0,4.0,0.0,0.0
671,Rostem Akman,3.7096321898330635e-05,0.0,4.0,0.0,0.0,4.0,0.0,0.0
672,Kyle Prepolec,3.7096321898330635e-05,0.0,2.0,0.0,0.0,2.0,0.0,0.0
673,Orion Cosce,3.7096321898330635e-05,0.0,1.0,0.0,0.0,1.0,0.0,0.0
674,Carlton Minus,3.7096321898330635e-05,0.0,4.0,0.0,0.0,4.0,0.0,0.0
675,Fernie Garcia,3.7096321898330635e-05,0.0,1.0,0.0,0.0,1.0,0.0,0.0
676,Drako Rodriguez,3.7096321898330635e-05,0.0,3.0,0.0,0.0,3.0,0.0,0.0
677,Sarah Alpar,3.7096321898330635e-05,0.0,3.0,0.0,0.0,3.0,0.0,0.0
678,Austin Springer,3.7096321898330635e-05,0.0,2.0,0.0,0.0,2.0,0.0,0.0
679,AJ Dobson,3.7096321898330635e-05,0.0,1.0,0.0,0.0,1.0,0.0,0.0
680,Pete Rodriguez,3.7096321898330635e-05,0.0,1.0,0.0,0.0,1.0,0.0,0.0
681,Roman Bogatov,3.7096321898330635e-05,0.0,2.0,0.0,0.0,2.0,0.0,0.0
682,Sean Soriano,3.7096321898330635e-05,0.0,2.0,0.0,0.0,2.0,0.0,0.0
683,Anthony Ivy,3.7096321898330635e-05,0.0,4.0,0.0,0.0,4.0,0.0,0.0
684,Zarah Fairn,3.7096321898330635e-05,0.0,4.0,0.0,0.0,4.0,0.0,0.0
685,Gabriel Silva,3.7096321898330635e-05,0.0,4.0,0.0,0.0,4.0,0.0,0.0
686,Aalon Cruz,3.7096321898330635e-05,0.0,4.0,0.0,0.0,4.0,0.0,0.0
687,Khadis Ibragimov,3.7096321898330635e-05,0.0,8.0,0.0,0.0,8.0,0.0,0.0
688,Max Rohskopf,3.7096321898330635e-05,0.0,2.0,0.0,0.0,2.0,0.0,0.0
689,Niklas Stolze,3.7096321898330635e-05,0.0,3.0,0.0,0.0,3.0,0.0,0.0
690,Aaron Phillips,3.7096321898330635e-05,0.0,2.0,0.0,0.0,2.0,0.0,0.0
691,Martin Day,3.7096321898330635e-05,0.0,6.0,0.0,0.0,6.0,0.0,0.0
692,Blood Diamond,3.7096321898330635e-05,0.0,1.0,0.0,0.0,1.0,0.0,0.0
693,Rhys McKee,3.7096321898330635e-05,0.0,4.0,0.0,0.0,4.0,0.0,0.0
694,JP Buys,3.7096321898330635e-05,0.0,3.0,0.0,0.0,3.0,0.0,0.0
695,Ali AlQaisi,3.7096321898330635e-05,0.0,4.0,0.0,0.0,4.0,0.0,0.0
696,Benoit Saint Denis,3.7096321898330635e-05,0.0,1.0,0.0,0.0,1.0,0.0,0.0
697,Derrick Krantz,3.7096321898330635e-05,0.0,4.0,0.0,0.0,4.0,0.0,0.0
698,Thomas Gifford,3.7096321898330635e-05,0.0,2.0,0.0,0.0,2.0,0.0,0.0
699,Denis Tiuliulin,3.7096321898330635e-05,0.0,1.0,0.0,0.0,1.0,0.0,0.0
700,Cole Williams,3.7096321898330635e-05,0.0,4.0,0.0,0.0,4.0,0.0,0.0
701,Cameron VanCamp,3.7096321898330635e-05,0.0,1.0,0.0,0.0,1.0,0.0,0.0
702,TJ Laramie,3.7096321898330635e-05,0.0,3.0,0.0,0.0,3.0,0.0,0.0
703,Dakota Bush,3.7096321898330635e-05,0.0,3.0,0.0,0.0,3.0,0.0,0.0
704,Jodie Esquibel,3.7096321898330635e-05,0.0,2.0,0.0,0.0,2.0,0.0,0.0
705,Charlie Ontiveros,3.7096321898330635e-05,0.0,3.0,0.0,0.0,3.0,0.0,0.0
706,Jacob Kilburn,3.7096321898330635e-05,0.0,4.0,0.0,0.0,4.0,0.0,0.0
707,Philip Rowe,3.7096321898330635e-05,0.0,1.0,0.0,0.0,1.0,0.0,0.0
708,Liliya Shakirova,3.7096321898330635e-05,0.0,2.0,0.0,0.0,2.0,0.0,0.0
709,Harry Hunsucker,3.7096321898330635e-05,0.0,3.0,0.0,0.0,3.0,0.0,0.0
710,Nohelin Hernandez,3.7096321898330635e-05,0.0,4.0,0.0,0.0,4.0,0.0,0.0
711,Fabio Cherant,3.7096321898330635e-05,0.0,4.0,0.0,0.0,4.0,0.0,0.0
712,Salim Touahri,3.7096321898330635e-05,0.0,2.0,0.0,0.0,2.0,0.0,0.0
713,Istela Nunes,3.7096321898330635e-05,0.0,2.0,0.0,0.0,2.0,0.0,0.0
714,Suman Mokhtarian,3.7096321898330635e-05,0.0,2.0,0.0,0.0,2.0,0.0,0.0
715,Bruno Souza,3.7096321898330635e-05,0.0,2.0,0.0,0.0,2.0,0.0,0.0
716,Grigory Popov,3.7096321898330635e-05,0.0,4.0,0.0,0.0,4.0,0.0,0.0
717,Hector Aldana,3.7096321898330635e-05,0.0,2.0,0.0,0.0,2.0,0.0,0.0
718,Micheal Gillmore,3.7096321898330635e-05,0.0,2.0,0.0,0.0,2.0,0.0,0.0
719,Jin Soo Son,3.7096321898330635e-05,0.0,2.0,0.0,0.0,2.0,0.0,0.0
720,Jesse Strader,3.7096321898330635e-05,0.0,3.0,0.0,0.0,3.0,0.0,0.0
721,Kevin Natividad,3.7096321898330635e-05,0.0,4.0,0.0,0.0,4.0,0.0,0.0
722,Roman Kopylov,3.7096321898330635e-05,0.0,3.0,0.0,0.0,3.0,0.0,0.0
723,Stefan Sekulic,3.7096321898330635e-05,0.0,2.0,0.0,0.0,2.0,0.0,0.0
724,Vinicius Moreira,3.7096321898330635e-05,0.0,6.0,0.0,0.0,6.0,0.0,0.0
725,Antonio Arroyo,3.7096321898330635e-05,0.0,5.0,0.0,0.0,5.0,0.0,0.0
726,Alexander Munoz,3.7096321898330635e-05,0.0,4.0,0.0,0.0,4.0,0.0,0.0
727,Hu Yaozong,3.7096321898330635e-05,0.0,1.0,0.0,0.0,1.0,0.0,0.0
728,Ray Rodriguez,3.7096321898330635e-05,0.0,4.0,0.0,0.0,4.0,0.0,0.0
729,Darian Weeks,3.7096321898330635e-05,0.0,2.0,0.0,0.0,2.0,0.0,0.0
730,Nikolas Motta,3.7096321898330635e-05,0.0,1.0,0.0,0.0,1.0,0.0,0.0
731,Jerome Rivera,3.7096321898330635e-05,0.0,7.0,0.0,0.0,7.0,0.0,0.0
732,Na Liang,3.7096321898330635e-05,0.0,2.0,0.0,0.0,2.0,0.0,0.0
733,Christian Rodriguez,3.7096321898330635e-05,0.0,1.0,0.0,0.0,1.0,0.0,0.0
734,Ryan MacDonald,3.7096321898330635e-05,0.0,2.0,0.0,0.0,2.0,0.0,0.0
735,Collin Anglin,3.7096321898330635e-05,0.0,2.0,0.0,0.0,2.0,0.0,0.0
736,Zelim Imadaev,3.7096321898330635e-05,0.0,4.0,0.0,0.0,4.0,0.0,0.0
737,Saimon Oliveira,3.7096321898330635e-05,0.0,1.0,0.0,0.0,1.0,0.0,0.0
738,Alen Amedovski,3.7096321898330635e-05,0.0,2.0,0.0,0.0,2.0,0.0,0.0
739,Roque Martinez,3.7096321898330635e-05,0.0,5.0,0.0,0.0,5.0,0.0,0.0
740,Zviad Lazishvili,3.7096321898330635e-05,0.0,1.0,0.0,0.0,1.0,0.0,0.0
741,Gilbert Urbina,3.7096321898330635e-05,0.0,1.0,0.0,0.0,1.0,0.0,0.0
742,Tresean Gore,3.7096321898330635e-05,0.0,1.0,0.0,0.0,1.0,0.0,0.0
743,Joseph Holmes,3.7096321898330635e-05,0.0,1.0,0.0,0.0,1.0,0.0,0.0
744,Marcos Mariano,3.7096321898330635e-05,0.0,2.0,0.0,0.0,2.0,0.0,0.0
745,Gaetano Pirrello,3.7096321898330635e-05,0.0,3.0,0.0,0.0,3.0,0.0,0.0
746,Genaro Valdez,3.7096321898330635e-05,0.0,1.0,0.0,0.0,1.0,0.0,0.0
747,Aori Qileng,3.7096321898330635e-05,0.0,1.0,0.0,0.0,1.0,0.0,0.0
748,Dan Moret,3.7096321898330635e-05,0.0,2.0,0.0,0.0,2.0,0.0,0.0
749,Boston Salmon,3.7096321898330635e-05,0.0,2.0,0.0,0.0,2.0,0.0,0.0
750,Liudvik Sholinian,3.7096321898330635e-05,0.0,1.0,0.0,0.0,1.0,0.0,0.0
751,Nicco Montano,7.37951762790249e-05,0.0,2.0,0.0,0.0,2.0,0.0,0.0
752,Maria Oliveira,3.7096321898330635e-05,0.0,1.0,0.0,0.0,1.0,0.0,0.0
753,Ryan Benoit,0.0007735866819369277,0.0,5.0,0.0,0.0,5.0,0.0,0.0
754,Frankie Saenz,0.0009041790730652677,0.0,2.0,0.0,0.0,2.0,0.0,0.0
755,Luke Sanders,0.0001900448115816749,0.0,4.0,0.0,0.0,4.0,0.0,0.0
756,Trevor Smith,0.00018947468369913864,0.0,2.0,0.0,0.0,2.0,0.0,0.0
757,Antonio Carlos Junior,0.0009157916742727847,0.0,6.0,0.0,0.0,6.0,0.0,0.0
758,Sheymon Moraes,0.0001887590308590673,0.0,2.0,0.0,0.0,2.0,0.0,0.0
759,Nik Lentz,0.0009436396923065718,0.0,6.0,0.0,0.0,6.0,0.0,0.0
760,James Vick,0.0010130478189779803,0.0,4.0,0.0,0.0,4.0,0.0,0.0
761,Joe Duffy,0.00018271446012928507,0.0,2.0,0.0,0.0,2.0,0.0,0.0
762,Rogerio Nogueira,0.0011334285446920915,0.0,2.0,0.0,0.0,2.0,0.0,0.0
763,Sergio Moraes,0.0012001740096396645,0.0,2.0,0.0,0.0,2.0,0.0,0.0
764,Gilbert Melendez,0.00018194357677742235,0.0,2.0,0.0,0.0,2.0,0.0,0.0
765,Humberto Bandenay,0.00018071972114871887,0.0,2.0,0.0,0.0,2.0,0.0,0.0
766,Markus Perez,0.00017580835157964643,0.0,6.0,0.0,0.0,6.0,0.0,0.0
767,Nick Diaz,0.0012463245303249181,0.0,1.0,0.0,0.0,1.0,0.0,0.0
768,Al Iaquinta,0.0012865119270804469,0.0,3.0,0.0,0.0,3.0,0.0,0.0
769,Cezar Ferreira,0.0014256988034985914,0.0,2.0,0.0,0.0,2.0,0.0,0.0
770,Patrick Cummins,0.001439176824079414,0.0,2.0,0.0,0.0,2.0,0.0,0.0
771,Marco Polo Reyes,0.00017046686882833673,0.0,4.0,0.0,0.0,4.0,0.0,0.0
772,Magomed Mustafaev,0.00153736049525376,0.0,2.0,0.0,0.0,2.0,0.0,0.0
773,Junior Albini,0.00016990257059126942,0.0,2.0,0.0,0.0,2.0,0.0,0.0
774,Michel Prazeres,0.0016374114019032887,0.0,1.0,0.0,0.0,1.0,0.0,0.0
775,Paige VanZant,0.00015888026255133633,0.0,2.0,0.0,0.0,2.0,0.0,0.0
776,Luke Rockhold,0.0016946314088379624,0.0,2.0,0.0,0.0,2.0,0.0,0.0
777,Thiago Alves,0.0018282851242701775,0.0,2.0,0.0,0.0,2.0,0.0,0.0
778,Gadzhimurad Antigulov,0.00015602910057070023,0.0,4.0,0.0,0.0,4.0,0.0,0.0
779,Evan Dunham,0.0018329912253452188,0.0,2.0,0.0,0.0,2.0,0.0,0.0
780,Jimi Manuwa,0.0018894590886938082,0.0,2.0,0.0,0.0,2.0,0.0,0.0
781,Andre Soukhamthath,0.00019490588355830656,0.0,2.0,0.0,0.0,2.0,0.0,0.0
782,Karolina Kowalkiewicz,0.0007682648261211224,0.0,5.0,0.0,0.0,5.0,0.0,0.0
783,Saparbeg Safarov,0.00015248998567285102,0.0,2.0,0.0,0.0,2.0,0.0,0.0
784,Gian Villante,0.0007460525343879785,0.0,5.0,0.0,0.0,5.0,0.0,0.0
785,Felice Herrig,0.00027720340812831907,0.0,2.0,0.0,0.0,2.0,0.0,0.0
786,Nick Hein,0.0002883650690370654,0.0,2.0,0.0,0.0,2.0,0.0,0.0
787,Mara Romero Borella,0.00026483791624409896,0.0,8.0,0.0,0.0,8.0,0.0,0.0
788,Manny Bermudez,0.0002636117957887447,0.0,4.0,0.0,0.0,4.0,0.0,0.0
789,Alexander Yakovlev,0.00029126316072199506,0.0,4.0,0.0,0.0,4.0,0.0,0.0
790,Ben Askren,0.0002624314988450142,0.0,4.0,0.0,0.0,4.0,0.0,0.0
791,Aleksei Kunchenko,0.00033771295360864593,0.0,4.0,0.0,0.0,4.0,0.0,0.0
792,Joaquim Silva,0.0003450268078448454,0.0,3.0,0.0,0.0,3.0,0.0,0.0
793,Nina Nunes,0.00034540485275095606,0.0,4.0,0.0,0.0,4.0,0.0,0.0
794,Danny Henry,0.00040563660885754876,0.0,2.0,0.0,0.0,2.0,0.0,0.0
795,Jack Marshman,0.0002378624603327966,0.0,4.0,0.0,0.0,4.0,0.0,0.0
796,Matt Wiman,0.0004238133842958239,0.0,6.0,0.0,0.0,6.0,0.0,0.0
797,Eric Spicely,0.00042596557472343545,0.0,2.0,0.0,0.0,2.0,0.0,0.0
798,Martin Bravo,0.0004526266355383147,0.0,2.0,0.0,0.0,2.0,0.0,0.0
799,Nordine Taleb,0.00046573007464217273,0.0,2.0,0.0,0.0,2.0,0.0,0.0
800,Marion Reneau,0.0004945514107297354,0.0,5.0,0.0,0.0,5.0,0.0,0.0
801,Renan Barao,0.0005300053911354059,0.0,2.0,0.0,0.0,2.0,0.0,0.0
802,Shamil Abdurakhimov,0.0005315697046963077,0.0,4.0,0.0,0.0,4.0,0.0,0.0
803,Mirsad Bektic,0.0005336334295522701,0.0,6.0,0.0,0.0,6.0,0.0,0.0
804,Peter Sobotta,0.0005460224502010718,0.0,2.0,0.0,0.0,2.0,0.0,0.0
805,Yancy Medeiros,0.000559819418243126,0.0,3.0,0.0,0.0,3.0,0.0,0.0
806,Olivier Aubin-Mercier,0.0006080330603169946,0.0,2.0,0.0,0.0,2.0,0.0,0.0
807,Mairbek Taisumov,0.0006109974555949831,0.0,2.0,0.0,0.0,2.0,0.0,0.0
808,Kevin Aguilar,0.0006145235897161677,0.0,7.0,0.0,0.0,7.0,0.0,0.0
809,Laureano Staropoli,0.00020704439953136636,0.0,6.0,0.0,0.0,6.0,0.0,0.0
810,Ben Saunders,0.0006866311868800668,0.0,2.0,0.0,0.0,2.0,0.0,0.0
811,Liz Carmouche,0.0007042600862427373,0.0,2.0,0.0,0.0,2.0,0.0,0.0
812,Michael Johnson,0.0020168152164278625,0.0,6.0,0.0,0.0,6.0,0.0,0.0
813,Thomas Almeida,0.0001501612571868163,0.0,4.0,0.0,0.0,4.0,0.0,0.0
814,Brandon Jenkins,3.7096321898330635e-05,0.0,2.0,0.0,0.0,2.0,0.0,0.0
815,Shane Young,8.25327495924875e-05,0.0,4.0,0.0,0.0,4.0,0.0,0.0
816,Siyar Bahadurzada,0.0002717309123242862,0.0,2.0,0.0,0.0,2.0,0.0,0.0
817,Rachael Ostovich,7.23657212252313e-05,0.0,2.0,0.0,0.0,2.0,0.0,0.0
818,Mike Grundy,6.78341013852519e-05,0.0,4.0,0.0,0.0,4.0,0.0,0.0
819,Mark De La Rosa,6.774031091001537e-05,0.0,6.0,0.0,0.0,6.0,0.0,0.0
820,Teemu Packalen,6.638993506996111e-05,0.0,2.0,0.0,0.0,2.0,0.0,0.0
821,Lauren Mueller,6.541040750673995e-05,0.0,2.0,0.0,0.0,2.0,0.0,0.0
822,Nad Narimani,6.465670403320475e-05,0.0,2.0,0.0,0.0,2.0,0.0,0.0
823,Geraldo de Freitas,6.403447936509743e-05,0.0,4.0,0.0,0.0,4.0,0.0,0.0
824,Cole Smith,6.348345202450488e-05,0.0,4.0,0.0,0.0,4.0,0.0,0.0
825,Matt Sayles,6.170658217899514e-05,0.0,3.0,0.0,0.0,3.0,0.0,0.0
826,Darko Stosic,5.975706121856216e-05,0.0,6.0,0.0,0.0,6.0,0.0,0.0
827,Allen Crowder,5.80203807588207e-05,0.0,2.0,0.0,0.0,2.0,0.0,0.0
828,Wu Yanan,5.783052483516115e-05,0.0,5.0,0.0,0.0,5.0,0.0,0.0
829,Jessin Ayari,5.473102156178097e-05,0.0,2.0,0.0,0.0,2.0,0.0,0.0
830,Syuri Kondo,5.473102156178097e-05,0.0,2.0,0.0,0.0,2.0,0.0,0.0
831,Chris Fishgold,5.429755076307428e-05,0.0,4.0,0.0,0.0,4.0,0.0,0.0
832,Daniel Spitz,5.389943879666309e-05,0.0,2.0,0.0,0.0,2.0,0.0,0.0
833,Juan Adams,5.376007239736181e-05,0.0,4.0,0.0,0.0,4.0,0.0,0.0
834,Nadia Kassem,4.7975362425882085e-05,0.0,2.0,0.0,0.0,2.0,0.0,0.0
835,Charles Byrd,4.750375337691816e-05,0.0,2.0,0.0,0.0,2.0,0.0,0.0
836,Leah Letson,4.59136717300558e-05,0.0,1.0,0.0,0.0,1.0,0.0,0.0
837,Julija Stoliarenko,3.7096321898330635e-05,0.0,4.0,0.0,0.0,4.0,0.0,0.0
838,AJ Fletcher,3.7096321898330635e-05,0.0,1.0,0.0,0.0,1.0,0.0,0.0
839,Tonya Evinger,3.7096321898330635e-05,0.0,2.0,0.0,0.0,2.0,0.0,0.0
840,Kleydson Rodrigues,3.7096321898330635e-05,0.0,1.0,0.0,0.0,1.0,0.0,0.0
841,Danilo Belluardo,3.7096321898330635e-05,0.0,4.0,0.0,0.0,4.0,0.0,0.0
842,Evan Elder,3.7096321898330635e-05,0.0,1.0,0.0,0.0,1.0,0.0,0.0
843,Aleksandra Albu,8.10385807907209e-05,0.0,2.0,0.0,0.0,2.0,0.0,0.0
844,Lucie Pudilova,8.270408046884316e-05,0.0,4.0,0.0,0.0,4.0,0.0,0.0
845,Dooho Choi,0.00014920268126891717,0.0,2.0,0.0,0.0,2.0,0.0,0.0
846,Luke Jumeau,8.281308611492337e-05,0.0,2.0,0.0,0.0,2.0,0.0,0.0
847,Jacare Souza,0.002348565759275763,0.0,5.0,0.0,0.0,5.0,0.0,0.0
848,Justin Ledet,0.00014578856485573485,0.0,4.0,0.0,0.0,4.0,0.0,0.0
849,Yoel Romero,0.002765429151890151,0.0,4.0,0.0,0.0,4.0,0.0,0.0
850,Tyron Woodley,0.0028736809364104396,0.0,6.0,0.0,0.0,6.0,0.0,0.0
851,Anderson Silva,0.0030158752917549526,0.0,2.0,0.0,0.0,2.0,0.0,0.0
852,Bobby Moffett,0.0001379651815497584,0.0,2.0,0.0,0.0,2.0,0.0,0.0
853,Bartosz Fabinski,0.00013457255007621755,0.0,4.0,0.0,0.0,4.0,0.0,0.0
854,Kron Gracie,0.00013400111181143413,0.0,2.0,0.0,0.0,2.0,0.0,0.0
855,Kyle Bochniak,0.0001318270797327476,0.0,2.0,0.0,0.0,2.0,0.0,0.0
856,Alex White,0.0001271144978119465,0.0,2.0,0.0,0.0,2.0,0.0,0.0
857,Emil Meek,0.0001265254405452543,0.0,2.0,0.0,0.0,2.0,0.0,0.0
858,Ashlee Evans-Smith,0.0001264617604406789,0.0,2.0,0.0,0.0,2.0,0.0,0.0
859,Stefan Struve,0.003506930131245562,0.0,4.0,0.0,0.0,4.0,0.0,0.0
860,Brandon Davis,0.00012244508607002898,0.0,5.0,0.0,0.0,5.0,0.0,0.0
861,Johnny Eduardo,0.00012142040768950218,0.0,1.0,0.0,0.0,1.0,0.0,0.0
862,Jussier Formiga,0.0037250473282872056,0.0,6.0,0.0,0.0,6.0,0.0,0.0
863,Raphael Assuncao,0.004043256823929039,0.0,5.0,0.0,0.0,5.0,0.0,0.0
864,Alexander Gustafsson,0.0051537993170217965,0.0,4.0,0.0,0.0,4.0,0.0,0.0
865,Anthony Birchak,0.00011296998992631415,0.0,4.0,0.0,0.0,4.0,0.0,0.0
866,Daniel Cormier,0.006917103243367115,0.0,4.0,0.0,0.0,4.0,0.0,0.0
867,Junior Dos Santos,0.007446693764939527,0.0,8.0,0.0,0.0,8.0,0.0,0.0
868,Dong Hyun Ma,0.0001031910602055328,0.0,4.0,0.0,0.0,4.0,0.0,0.0
869,Emily Whitmire,9.73802420745734e-05,0.0,5.0,0.0,0.0,5.0,0.0,0.0
870,Brad Katona,9.294241031390169e-05,0.0,2.0,0.0,0.0,2.0,0.0,0.0
871,Poliana Botelho,9.281094362959069e-05,0.0,4.0,0.0,0.0,4.0,0.0,0.0
872,Pingyuan Liu,8.576946902884685e-05,0.0,4.0,0.0,0.0,4.0,0.0,0.0
873,Abu Azaitar,8.442404884605482e-05,0.0,2.0,0.0,0.0,2.0,0.0,0.0
874,Josh Fremd,3.7096321898330635e-05,0.0,1.0,0.0,0.0,1.0,0.0,0.0
