,fighter,page_rank,perf_rat,n_fights,adj_p_rank,weight
0,Kamaru Usman,0.005094669223426709,1.0,9.0,0.005094669223426709,Welterweight
1,Belal Muhammad,0.00363372152764522,1.0,11.0,0.00363372152764522,Welterweight
2,Stephen Thompson,0.004545191934382746,0.6666666666666666,6.0,0.003030127956255164,Welterweight
3,Neil Magny,0.00315493216816823,0.8181818181818182,11.0,0.002581308137592188,Welterweight
4,Leon Edwards,0.0025563066335880227,1.0,5.0,0.0025563066335880227,Welterweight
5,Vicente Luque,0.0031257954307166297,0.7857142857142857,14.0,0.0024559821241344946,Welterweight
6,Anthony Pettis,0.0030938172119751852,0.6666666666666666,6.0,0.0020625448079834565,Welterweight
7,Demian Maia,0.003609033598009819,0.5714285714285714,7.0,0.002062304913148468,Welterweight
8,Gilbert Burns,0.0023977777989021174,0.75,12.0,0.001798333349176588,Welterweight
9,Nicolas Dalby,0.0020889950742366092,0.8571428571428571,7.0,0.001790567206488522,Welterweight
10,Michael Chiesa,0.002367328992602885,0.75,8.0,0.0017754967444521636,Welterweight
11,Carlos Condit,0.0019738254119358355,0.8,5.0,0.0015790603295486685,Welterweight
12,Colby Covington,0.0024325294767372167,0.625,8.0,0.0015203309229607604,Welterweight
13,Alan Jouban,0.0015155336799501024,1.0,2.0,0.0015155336799501024,Welterweight
14,James Krause,0.0013733368420504415,1.0,4.0,0.0013733368420504415,Welterweight
15,Geoff Neal,0.002151339199690028,0.5555555555555556,9.0,0.0011951884442722377,Welterweight
16,Nate Diaz,0.002846861101181264,0.4,5.0,0.0011387444404725056,Welterweight
17,Jorge Masvidal,0.0025193576241689204,0.4444444444444444,9.0,0.0011197144996306313,Welterweight
18,Donald Cerrone,0.0044478609590334044,0.25,8.0,0.0011119652397583511,Welterweight
19,Sean Brady,0.001078199324149654,1.0,9.0,0.001078199324149654,Welterweight
20,Tim Means,0.0013404804867798523,0.7777777777777778,9.0,0.0010425959341621074,Welterweight
21,Francisco Trinaldo,0.0015547422111165774,0.6666666666666666,3.0,0.0010364948074110514,Welterweight
22,Daniel Rodriguez,0.001126911031232464,0.8333333333333334,12.0,0.0009390925260270534,Welterweight
23,Kevin Holland,0.0009015347143916974,1.0,1.0,0.0009015347143916974,Welterweight
24,Warlley Alves,0.002166820976970403,0.4,5.0,0.0008667283907881611,Welterweight
25,Randy Brown,0.00108186639169665,0.8,10.0,0.0008654931133573201,Welterweight
26,Muslim Salikhov,0.0008636535614322525,1.0,7.0,0.0008636535614322525,Welterweight
27,Khamzat Chimaev,0.0008506687279992281,1.0,4.0,0.0008506687279992281,Welterweight
28,Niko Price,0.0015979781391073705,0.5,10.0,0.0007989890695536852,Welterweight
29,Jake Matthews,0.0010123924826303979,0.75,8.0,0.0007592943619727984,Welterweight
30,Li Jingliang,0.0012207958551636415,0.5714285714285714,7.0,0.0006975976315220808,Welterweight
31,Matt Brown,0.0017913266549735745,0.375,8.0,0.0006717474956150904,Welterweight
32,Court McGee,0.0020075927826427743,0.3333333333333333,6.0,0.000669197594214258,Welterweight
33,Diego Sanchez,0.001977762886383967,0.3333333333333333,6.0,0.0006592542954613224,Welterweight
34,Shavkat Rakhmonov,0.0006231687937228881,1.0,4.0,0.0006231687937228881,Welterweight
35,Elizeu Zaleski dos Santos,0.0014485376012195177,0.42857142857142855,7.0,0.000620801829094079,Welterweight
36,Michel Pereira,0.000886483171626569,0.6666666666666666,12.0,0.0005909887810843793,Welterweight
37,Bryan Barberena,0.0009232358189037376,0.5714285714285714,7.0,0.00052756332508785,Welterweight
38,Alex Morono,0.0007647641299101907,0.6666666666666666,12.0,0.0005098427532734605,Welterweight
39,Santiago Ponzinibbio,0.00196765938448491,0.25,4.0,0.0004919148461212275,Welterweight
40,Jeremiah Wells,0.0004851339347786776,1.0,2.0,0.0004851339347786776,Welterweight
41,Jesse Ronson,0.000435025619223445,1.0,2.0,0.000435025619223445,Welterweight
42,Claudio Silva,0.0010385959889943604,0.4,5.0,0.0004154383955977442,Welterweight
43,Anthony Rocco Martin,0.0012300202218219365,0.3333333333333333,6.0,0.00041000674060731216,Welterweight
44,Gunnar Nelson,0.0012139759342186813,0.3333333333333333,3.0,0.0004046586447395604,Welterweight
45,Alex Oliveira,0.0011484790412251786,0.3333333333333333,12.0,0.0003828263470750595,Welterweight
46,Khaos Williams,0.0005341366639925374,0.6666666666666666,9.0,0.00035609110932835827,Welterweight
47,Ramazan Emeev,0.0004126507909944342,0.5714285714285714,7.0,0.00023580045199681954,Welterweight
48,Max Griffin,0.0004285788903335223,0.5,10.0,0.00021428944516676114,Welterweight
49,Michael Morales,0.00020939263122871736,1.0,1.0,0.00020939263122871736,Welterweight
50,Danny Roberts,0.00033512635052573505,0.5,6.0,0.00016756317526286753,Welterweight
51,Dhiego Lima,0.0004145542150224836,0.4,5.0,0.00016582168600899345,Welterweight
52,Matthew Semelsberger,0.0001891220388406053,0.8571428571428571,7.0,0.00016210460472051882,Welterweight
53,Miguel Baeza,0.00023280217225805504,0.6666666666666666,9.0,0.0001552014481720367,Welterweight
54,Lyman Good,0.00029586206617091953,0.5,4.0,0.00014793103308545976,Welterweight
55,Gabe Green,0.0002372335204036921,0.6,5.0,0.00014234011224221525,Welterweight
56,Mickey Gall,0.0003174375993548228,0.42857142857142855,7.0,0.00013604468543778117,Welterweight
57,Mike Perry,0.0006351435753214204,0.2,10.0,0.00012702871506428407,Welterweight
58,Dwight Grant,0.0003704589196033101,0.3333333333333333,6.0,0.00012348630653443669,Welterweight
59,Mounir Lazzez,0.00017000838458414803,0.6,5.0,0.00010200503075048882,Welterweight
60,Andre Fialho,0.00014623244348817857,0.6666666666666666,3.0,9.748829565878572e-05,Welterweight
61,Mike Malott,9.747811400033336e-05,1.0,1.0,9.747811400033336e-05,Welterweight
62,Phil Rowe,0.0001362179398502543,0.6666666666666666,3.0,9.081195990016952e-05,Welterweight
63,Mike Jackson,9.000042088868165e-05,1.0,1.0,9.000042088868165e-05,Welterweight
64,Sergey Khandozhko,0.0001429336738649977,0.6,5.0,8.576020431899862e-05,Welterweight
65,Carlston Harris,0.00010182091843133616,0.75,4.0,7.636568882350212e-05,Welterweight
66,Jason Witt,0.0002012348356821599,0.375,8.0,7.546306338080996e-05,Welterweight
67,Jack Della Maddalena,7.23657212252313e-05,1.0,1.0,7.23657212252313e-05,Welterweight
68,Song Kenan,0.00010059356296602118,0.6666666666666666,6.0,6.706237531068078e-05,Welterweight
69,Ian Garry,6.64874880040812e-05,1.0,2.0,6.64874880040812e-05,Welterweight
70,Impa Kasanganay,8.141575518186585e-05,0.6666666666666666,3.0,5.42771701212439e-05,Welterweight
71,Takashi Sato,0.00016629896057009173,0.2857142857142857,7.0,4.751398873431192e-05,Welterweight
72,Preston Parsons,7.23657212252313e-05,0.5,2.0,3.618286061261565e-05,Welterweight
73,Ramiz Brahimaj,8.913347929126826e-05,0.4,5.0,3.5653391716507307e-05,Welterweight
74,David Zawada,8.88592467918416e-05,0.4,5.0,3.554369871673664e-05,Welterweight
75,Sasha Palatnikov,7.23657212252313e-05,0.4,5.0,2.8946288490092523e-05,Welterweight
76,Abubakar Nurmagomedov,5.444204102930984e-05,0.5,4.0,2.722102051465492e-05,Welterweight
77,Christian Aguilera,5.473102156178097e-05,0.3333333333333333,6.0,1.8243673853926988e-05,Welterweight
78,Jared Gooden,5.473102156178097e-05,0.16666666666666666,6.0,9.121836926963494e-06,Welterweight
79,Orion Cosce,3.7096321898330635e-05,0.0,1.0,0.0,Welterweight
80,Carlton Minus,3.7096321898330635e-05,0.0,2.0,0.0,Welterweight
81,Zelim Imadaev,3.7096321898330635e-05,0.0,4.0,0.0,Welterweight
82,Darian Weeks,3.7096321898330635e-05,0.0,2.0,0.0,Welterweight
83,Philip Rowe,3.7096321898330635e-05,0.0,1.0,0.0,Welterweight
84,Micheal Gillmore,3.7096321898330635e-05,0.0,1.0,0.0,Welterweight
85,Dean Barry,3.7096321898330635e-05,0.0,1.0,0.0,Welterweight
86,Stefan Sekulic,3.7096321898330635e-05,0.0,2.0,0.0,Welterweight
87,Yohan Lainesse,3.7096321898330635e-05,0.0,1.0,0.0,Welterweight
88,Louis Cosce,3.7096321898330635e-05,0.0,2.0,0.0,Welterweight
89,Ange Loosa,3.7096321898330635e-05,0.0,1.0,0.0,Welterweight
90,Martin Sano,3.7096321898330635e-05,0.0,1.0,0.0,Welterweight
91,Evan Elder,3.7096321898330635e-05,0.0,1.0,0.0,Welterweight
92,AJ Fletcher,3.7096321898330635e-05,0.0,1.0,0.0,Welterweight
93,Jordan Williams,3.7096321898330635e-05,0.0,2.0,0.0,Welterweight
94,Benoit Saint Denis,3.7096321898330635e-05,0.0,1.0,0.0,Welterweight
95,Blood Diamond,3.7096321898330635e-05,0.0,1.0,0.0,Welterweight
96,Cameron VanCamp,3.7096321898330635e-05,0.0,1.0,0.0,Welterweight
97,Cole Williams,3.7096321898330635e-05,0.0,4.0,0.0,Welterweight
98,Laureano Staropoli,0.00020704439953136636,0.0,4.0,0.0,Welterweight
99,Rhys McKee,3.7096321898330635e-05,0.0,4.0,0.0,Welterweight
100,Niklas Stolze,3.7096321898330635e-05,0.0,3.0,0.0,Welterweight
101,Pete Rodriguez,3.7096321898330635e-05,0.0,1.0,0.0,Welterweight
102,Trevin Giles,0.0007242199093609862,0.0,1.0,0.0,Welterweight
103,Abdul Razak Alhassan,0.0005126551951774327,0.0,4.0,0.0,Welterweight
104,Peter Sobotta,0.0005460224502010718,0.0,2.0,0.0,Welterweight
105,Michel Prazeres,0.0016374114019032887,0.0,1.0,0.0,Welterweight
106,Robbie Lawler,0.002129864378072092,0.0,4.0,0.0,Welterweight
107,Tyron Woodley,0.0028736809364104396,0.0,6.0,0.0,Welterweight
108,Kevin Lee,0.003084588862486522,0.0,3.0,0.0,Welterweight
109,Anthony Ivy,3.7096321898330635e-05,0.0,4.0,0.0,Welterweight
0,Israel Adesanya,0.004665980042523535,1.0,8.0,0.004665980042523535,Middleweight
1,Derek Brunson,0.0026722234414790227,0.875,8.0,0.002338195511294145,Middleweight
2,Robert Whittaker,0.003445974102861457,0.6666666666666666,9.0,0.0022973160685743044,Middleweight
3,Robbie Lawler,0.002129864378072092,1.0,1.0,0.002129864378072092,Middleweight
4,Uriah Hall,0.0021926611090323294,0.8571428571428571,7.0,0.0018794238077419966,Middleweight
5,Sean Strickland,0.0018496170058115522,1.0,6.0,0.0018496170058115522,Middleweight
6,Marvin Vettori,0.0017617345150719404,0.9090909090909091,11.0,0.0016015768318835822,Middleweight
7,Chris Weidman,0.0023843050434823594,0.5,4.0,0.0011921525217411797,Middleweight
8,Jared Cannonier,0.0016482201015754125,0.6666666666666666,6.0,0.001098813401050275,Middleweight
9,Omari Akhmedov,0.0015344695878881443,0.6666666666666666,9.0,0.0010229797252587628,Middleweight
10,Brad Tavares,0.0016287203071052067,0.6,5.0,0.000977232184263124,Middleweight
11,Chris Curtis,0.0009267245463319353,1.0,2.0,0.0009267245463319353,Middleweight
12,Darren Till,0.0022035053902101013,0.4,5.0,0.0008814021560840405,Middleweight
13,Khamzat Chimaev,0.0008506687279992281,1.0,4.0,0.0008506687279992281,Middleweight
14,Paulo Costa,0.0014486782468697264,0.5,4.0,0.0007243391234348632,Middleweight
15,Kevin Holland,0.0009015347143916974,0.6842105263157895,19.0,0.0006168395414258982,Middleweight
16,Brendan Allen,0.0006660360511946513,0.9,10.0,0.0005994324460751862,Middleweight
17,Kelvin Gastelum,0.0025439535704518566,0.2222222222222222,9.0,0.0005653230156559681,Middleweight
18,Zak Cummings,0.0008316871134212672,0.6666666666666666,6.0,0.0005544580756141781,Middleweight
19,Phil Hawes,0.0006020398426449414,0.8571428571428571,7.0,0.0005160341508385212,Middleweight
20,Krzysztof Jotko,0.000618691088640533,0.75,8.0,0.0004640183164803998,Middleweight
21,Andre Muniz,0.00045392721514800864,1.0,6.0,0.00045392721514800864,Middleweight
22,Jack Hermansson,0.001185248738331785,0.375,8.0,0.0004444682768744194,Middleweight
23,Trevin Giles,0.0007242199093609862,0.5454545454545454,11.0,0.00039502904146962876,Middleweight
24,Gerald Meerschaert,0.0007100324028922465,0.5333333333333333,15.0,0.0003786839482091981,Middleweight
25,Dricus Du Plessis,0.0002428298152584043,1.0,3.0,0.0002428298152584043,Middleweight
26,Darren Stewart,0.0002918753664921345,0.8,10.0,0.00023350029319370763,Middleweight
27,Julian Marquez,0.00019943582085699805,1.0,4.0,0.00019943582085699805,Middleweight
28,Bruno Silva,0.0002655851542452536,0.75,4.0,0.0001991888656839402,Middleweight
29,Edmen Shahbazyan,0.00039533989771526376,0.5,8.0,0.00019766994885763188,Middleweight
30,Nassourdine Imavov,0.0002942747962248936,0.6666666666666666,6.0,0.00019618319748326238,Middleweight
31,Ian Heinisch,0.0005047928102151308,0.36363636363636365,11.0,0.0001835610218964112,Middleweight
32,Anthony Hernandez,0.0002546506970037783,0.7142857142857143,7.0,0.0001818933550026988,Middleweight
33,Eryk Anders,0.00031831142542578926,0.5714285714285714,7.0,0.000181892243100451,Middleweight
34,Makhmud Muradov,0.00018249954744508043,0.8571428571428571,7.0,0.00015642818352435464,Middleweight
35,Armen Petrosyan,0.0001528782040709518,1.0,1.0,0.0001528782040709518,Middleweight
36,Alex Pereira,0.0001472936088403377,1.0,2.0,0.0001472936088403377,Middleweight
37,Nick Maximov,0.00014242077463269177,1.0,2.0,0.00014242077463269177,Middleweight
38,Tom Breese,0.0004131000133544198,0.3333333333333333,6.0,0.00013770000445147325,Middleweight
39,Wellington Turman,0.00029520092725976866,0.4444444444444444,9.0,0.00013120041211545273,Middleweight
40,Abdul Razak Alhassan,0.0005126551951774327,0.25,4.0,0.00012816379879435817,Middleweight
41,Joaquin Buckley,0.0002119542837686598,0.6,10.0,0.00012717257026119587,Middleweight
42,Karl Roberson,0.0002331890291038644,0.5,8.0,0.0001165945145519322,Middleweight
43,Kyle Daukaus,0.00025896011551193625,0.42857142857142855,7.0,0.00011098290664797267,Middleweight
44,Bryan Battle,0.00010763512055213197,1.0,2.0,0.00010763512055213197,Middleweight
45,Jacob Malkoun,0.00017000838458414803,0.6,5.0,0.00010200503075048882,Middleweight
46,Rodolfo Vieira,0.00013058296401514987,0.7142857142857143,7.0,9.327354572510706e-05,Middleweight
47,Andrew Sanchez,0.0003149705931132736,0.2857142857142857,7.0,8.999159803236388e-05,Middleweight
48,Marc-Andre Barriault,0.00016926502428367567,0.5,10.0,8.463251214183783e-05,Middleweight
49,Alessio Di Chirico,0.0003770011102872703,0.2222222222222222,9.0,8.377802450828228e-05,Middleweight
50,Junyong Park,0.00012223559477504318,0.6666666666666666,9.0,8.149039651669545e-05,Middleweight
51,Gregory Rodrigues,0.00012175763613000312,0.6666666666666666,3.0,8.117175742000207e-05,Middleweight
52,Aliaskhab Khizriev,7.23657212252313e-05,1.0,1.0,7.23657212252313e-05,Middleweight
53,Caio Borralho,7.23657212252313e-05,1.0,1.0,7.23657212252313e-05,Middleweight
54,Chidi Njokuani,6.928595754576551e-05,1.0,1.0,6.928595754576551e-05,Middleweight
55,Andre Petroski,6.64874880040812e-05,1.0,2.0,6.64874880040812e-05,Middleweight
56,Punahele Soriano,9.704068081349288e-05,0.6666666666666666,6.0,6.469378720899525e-05,Middleweight
57,Albert Duraev,5.473102156178097e-05,1.0,1.0,5.473102156178097e-05,Middleweight
58,Jamie Pickett,0.00012162494829632702,0.4,5.0,4.864997931853081e-05,Middleweight
59,Tafon Nchukwi,8.946597777871284e-05,0.5,4.0,4.473298888935642e-05,Middleweight
60,Impa Kasanganay,8.141575518186585e-05,0.5,4.0,4.070787759093292e-05,Middleweight
61,Roman Dolidze,0.00011937138750802401,0.3333333333333333,3.0,3.9790462502674664e-05,Middleweight
62,Dalcha Lungiambula,7.935085575974276e-05,0.5,4.0,3.967542787987138e-05,Middleweight
63,Andreas Michailidis,5.473102156178097e-05,0.6666666666666666,3.0,3.6487347707853976e-05,Middleweight
64,Oskar Piechota,0.00010538561585625971,0.3333333333333333,6.0,3.5128538618753236e-05,Middleweight
65,Cody Brundage,6.224773998377201e-05,0.5,2.0,3.112386999188601e-05,Middleweight
66,Dusko Todorovic,5.583064728410374e-05,0.5,6.0,2.791532364205187e-05,Middleweight
67,Jordan Wright,8.439077829902773e-05,0.25,4.0,2.1097694574756934e-05,Middleweight
68,John Phillips,5.473102156178097e-05,0.3333333333333333,6.0,1.8243673853926988e-05,Middleweight
69,Bevon Lewis,4.59136717300558e-05,0.3333333333333333,6.0,1.5304557243351934e-05,Middleweight
70,Maki Pitolo,5.215149345395291e-05,0.2222222222222222,9.0,1.158922076754509e-05,Middleweight
71,Jordan Williams,3.7096321898330635e-05,0.0,2.0,0.0,Middleweight
72,Antonio Arroyo,3.7096321898330635e-05,0.0,3.0,0.0,Middleweight
73,Gilbert Urbina,3.7096321898330635e-05,0.0,1.0,0.0,Middleweight
74,Dustin Stoltzfus,3.7096321898330635e-05,0.0,4.0,0.0,Middleweight
75,Tresean Gore,3.7096321898330635e-05,0.0,1.0,0.0,Middleweight
76,Roman Kopylov,3.7096321898330635e-05,0.0,3.0,0.0,Middleweight
77,AJ Dobson,3.7096321898330635e-05,0.0,1.0,0.0,Middleweight
78,KB Bhullar,3.7096321898330635e-05,0.0,4.0,0.0,Middleweight
79,Hu Yaozong,3.7096321898330635e-05,0.0,1.0,0.0,Middleweight
80,Charlie Ontiveros,3.7096321898330635e-05,0.0,2.0,0.0,Middleweight
81,Micheal Gillmore,3.7096321898330635e-05,0.0,1.0,0.0,Middleweight
82,Gadzhi Omargadzhiev,3.7096321898330635e-05,0.0,1.0,0.0,Middleweight
83,Dequan Townsend,3.7096321898330635e-05,0.0,4.0,0.0,Middleweight
84,Misha Cirkunov,0.0007061830481684148,0.0,2.0,0.0,Middleweight
85,Denis Tiuliulin,3.7096321898330635e-05,0.0,1.0,0.0,Middleweight
86,Joseph Holmes,3.7096321898330635e-05,0.0,1.0,0.0,Middleweight
87,Charles Byrd,4.750375337691816e-05,0.0,2.0,0.0,Middleweight
88,Abu Azaitar,8.442404884605482e-05,0.0,2.0,0.0,Middleweight
89,Antonio Carlos Junior,0.0009157916742727847,0.0,6.0,0.0,Middleweight
90,Bartosz Fabinski,0.00013457255007621755,0.0,4.0,0.0,Middleweight
91,Markus Perez,0.00017580835157964643,0.0,6.0,0.0,Middleweight
92,Anderson Silva,0.0030158752917549526,0.0,2.0,0.0,Middleweight
93,Laureano Staropoli,0.00020704439953136636,0.0,2.0,0.0,Middleweight
94,Jack Marshman,0.0002378624603327966,0.0,4.0,0.0,Middleweight
95,Jacare Souza,0.002348565759275763,0.0,3.0,0.0,Middleweight
96,Sam Alvey,0.001541879112514552,0.0,3.0,0.0,Middleweight
97,Nick Diaz,0.0012463245303249181,0.0,1.0,0.0,Middleweight
98,Josh Fremd,3.7096321898330635e-05,0.0,1.0,0.0,Middleweight
0,Alexander Volkanovski,0.003617377302703638,1.0,6.0,0.003617377302703638,Featherweight
1,Max Holloway,0.004504649141136495,0.5555555555555556,9.0,0.002502582856186942,Featherweight
2,Ricky Simon,0.0018521671671423482,1.0,2.0,0.0018521671671423482,Featherweight
3,Song Yadong,0.001780297270422329,1.0,2.0,0.001780297270422329,Featherweight
4,Cub Swanson,0.0021132485686415053,0.7142857142857143,7.0,0.001509463263315361,Featherweight
5,Jimmie Rivera,0.0013235451812030708,1.0,2.0,0.0013235451812030708,Featherweight
6,Brian Ortega,0.0018144926792750555,0.6666666666666666,3.0,0.0012096617861833703,Featherweight
7,Chan Sung Jung,0.0019061038672907472,0.625,8.0,0.001191314917056717,Featherweight
8,Josh Emmett,0.0011288468569976835,1.0,5.0,0.0011288468569976835,Featherweight
9,Alex Caceres,0.0012261308303942568,0.9,10.0,0.001103517747354831,Featherweight
10,Yair Rodriguez,0.001226933922166753,0.8,5.0,0.0009815471377334025,Featherweight
11,Calvin Kattar,0.0015382236258361323,0.6363636363636364,11.0,0.0009788695800775388,Featherweight
12,Edson Barboza,0.0022296364783928576,0.42857142857142855,7.0,0.000955558490739796,Featherweight
13,Ilia Topuria,0.0008672268652947004,1.0,5.0,0.0008672268652947004,Featherweight
14,Arnold Allen,0.0008625551129655532,1.0,7.0,0.0008625551129655532,Featherweight
15,Zubaira Tukhugov,0.0012039376686989762,0.7142857142857143,7.0,0.0008599554776421259,Featherweight
16,Ricardo Lamas,0.0017003765265906675,0.5,4.0,0.0008501882632953338,Featherweight
17,Cody Stamann,0.0015155121255681792,0.5,4.0,0.0007577560627840896,Featherweight
18,Lerone Murphy,0.0007529475515312202,1.0,7.0,0.0007529475515312202,Featherweight
19,Movsar Evloev,0.0006498241961179599,1.0,5.0,0.0006498241961179599,Featherweight
20,Hakeem Dawodu,0.0007385318095428803,0.875,8.0,0.0006462153333500202,Featherweight
21,Giga Chikadze,0.0006668943722349636,0.9285714285714286,14.0,0.0006192590599324662,Featherweight
22,Darren Elkins,0.0013591949644526028,0.4444444444444444,9.0,0.0006040866508678235,Featherweight
23,Dan Ige,0.0008016514362725642,0.6666666666666666,12.0,0.0005344342908483761,Featherweight
24,Bryce Mitchell,0.00048321712519297315,1.0,7.0,0.00048321712519297315,Featherweight
25,Pat Sabatini,0.0004740605497415819,1.0,5.0,0.0004740605497415819,Featherweight
26,Ryan Hall,0.0006204747887175864,0.75,4.0,0.00046535609153818984,Featherweight
27,Jared Gordon,0.0004339780847231109,1.0,4.0,0.0004339780847231109,Featherweight
28,Chas Skelly,0.00042414603647331376,1.0,3.0,0.00042414603647331376,Featherweight
29,Andre Fili,0.0007967215753343372,0.5,10.0,0.0003983607876671686,Featherweight
30,Timur Valiev,0.00039116675043150034,1.0,2.0,0.00039116675043150034,Featherweight
31,Jonathan Martinez,0.00038414058125103926,1.0,3.0,0.00038414058125103926,Featherweight
32,Chris Gutierrez,0.00032825409639573335,1.0,2.0,0.00032825409639573335,Featherweight
33,Daniel Pineda,0.0005364708057208833,0.6,5.0,0.00032188248343252996,Featherweight
34,Shane Burgos,0.0006195295292918537,0.5,6.0,0.00030976476464592684,Featherweight
35,Damon Jackson,0.0004602450673938336,0.6666666666666666,6.0,0.00030683004492922236,Featherweight
36,Douglas Silva de Andrade,0.0005284069785607156,0.5,4.0,0.0002642034892803578,Featherweight
37,Sodiq Yusuff,0.00033932251852458544,0.7142857142857143,7.0,0.00024237322751756104,Featherweight
38,Charles Jourdain,0.00028221318755233344,0.8,10.0,0.00022577055004186676,Featherweight
39,Julian Erosa,0.0004441018424675628,0.5,6.0,0.0002220509212337814,Featherweight
40,Lando Vannata,0.00043469449207989296,0.5,2.0,0.00021734724603994648,Featherweight
41,Makwan Amirkhani,0.0004499036482518904,0.45454545454545453,11.0,0.0002045016582963138,Featherweight
42,Jonathan Pearce,0.00019555311814725622,1.0,4.0,0.00019555311814725622,Featherweight
43,Ricardo Ramos,0.0003879397297480695,0.5,6.0,0.00019396986487403475,Featherweight
44,Nate Maness,0.00018691356674163613,1.0,2.0,0.00018691356674163613,Featherweight
45,Brian Kelleher,0.0003550077576675309,0.5,10.0,0.00017750387883376544,Featherweight
46,Herbert Burns,0.00032327845074739436,0.5,4.0,0.00016163922537369718,Featherweight
47,Gavin Tucker,0.00021384997333711604,0.75,8.0,0.00016038748000283702,Featherweight
48,Josh Culibao,0.00014618031923125573,1.0,3.0,0.00014618031923125573,Featherweight
49,Sean Woodson,0.00014480832361889065,1.0,4.0,0.00014480832361889065,Featherweight
50,Charles Rosa,0.0003554543051283685,0.375,8.0,0.00013329536442313817,Featherweight
51,SeungWoo Choi,0.00020424003398244098,0.625,8.0,0.0001276500212390256,Featherweight
52,Umar Nurmagomedov,0.00011715791542833015,1.0,1.0,0.00011715791542833015,Featherweight
53,Steven Peterson,0.0002325512041670865,0.5,6.0,0.00011627560208354325,Featherweight
54,Ode Osbourne,0.00011471858718903037,1.0,2.0,0.00011471858718903037,Featherweight
55,Youssef Zalal,0.0002050524134443852,0.5454545454545454,11.0,0.00011184677096966464,Featherweight
56,Danny Chavez,0.00017077376834229188,0.6,5.0,0.00010246426100537512,Featherweight
57,Nate Landwehr,0.0002344694661498171,0.42857142857142855,7.0,0.00010048691406420733,Featherweight
58,Billy Quarantillo,0.00014889108151922963,0.625,8.0,9.305692594951853e-05,Featherweight
59,Tucker Lutz,0.00018342840553505632,0.5,2.0,9.171420276752816e-05,Featherweight
60,Bill Algeo,0.0001786516052794283,0.5,6.0,8.932580263971415e-05,Featherweight
61,Kai Kamaka,0.0001989023394273772,0.42857142857142855,7.0,8.524385975459022e-05,Featherweight
62,Felipe Colares,8.499281011564811e-05,1.0,2.0,8.499281011564811e-05,Featherweight
63,Michael Trizano,0.00020452832752086619,0.4,5.0,8.181133100834649e-05,Featherweight
64,David Onama,8.062754287864597e-05,1.0,1.0,8.062754287864597e-05,Featherweight
65,Austin Lingo,0.00013113766115648522,0.6,5.0,7.868259669389113e-05,Featherweight
66,Melsik Baghdasaryan,7.23657212252313e-05,1.0,2.0,7.23657212252313e-05,Featherweight
67,Kamuela Kirk,0.00012269658658448177,0.5,2.0,6.134829329224089e-05,Featherweight
68,Joanderson Brito,0.00012138059109514055,0.5,2.0,6.069029554757027e-05,Featherweight
69,Luis Saldana,8.034628416534611e-05,0.75,4.0,6.0259713124009585e-05,Featherweight
70,Darrick Minner,0.00010305268520511859,0.5,8.0,5.152634260255929e-05,Featherweight
71,Omar Morales,0.00012642803835064893,0.4,5.0,5.0571215340259575e-05,Featherweight
72,TJ Brown,0.0001484748720304529,0.3333333333333333,6.0,4.949162401015096e-05,Featherweight
73,Ludovit Klein,0.00011268519833224915,0.4,5.0,4.507407933289966e-05,Featherweight
74,Chase Hooper,7.193225042652461e-05,0.5714285714285714,7.0,4.1104143100871205e-05,Featherweight
75,Kyle Nelson,7.763184445566661e-05,0.5,4.0,3.8815922227833305e-05,Featherweight
76,Eduardo Garagorri,9.443731016301046e-05,0.3333333333333333,6.0,3.147910338767015e-05,Featherweight
77,Spike Carlyle,5.473102156178097e-05,0.5,4.0,2.7365510780890484e-05,Featherweight
78,Jordan Griffin,0.00010771688185350725,0.25,8.0,2.6929220463376812e-05,Featherweight
79,Shayilan Nuerdanbieke,4.415020176371077e-05,0.5,2.0,2.2075100881855385e-05,Featherweight
80,Jamall Emmers,5.473102156178097e-05,0.4,5.0,2.189240862471239e-05,Featherweight
81,Chris Fishgold,5.429755076307428e-05,0.0,4.0,0.0,Featherweight
82,Jerome Rivera,3.7096321898330635e-05,0.0,2.0,0.0,Featherweight
83,Martin Day,3.7096321898330635e-05,0.0,2.0,0.0,Featherweight
84,Bruno Souza,3.7096321898330635e-05,0.0,2.0,0.0,Featherweight
85,Mark Striegl,3.7096321898330635e-05,0.0,1.0,0.0,Featherweight
86,Christian Rodriguez,3.7096321898330635e-05,0.0,1.0,0.0,Featherweight
87,Austin Springer,3.7096321898330635e-05,0.0,2.0,0.0,Featherweight
88,Vince Cachero,3.7096321898330635e-05,0.0,2.0,0.0,Featherweight
89,Marcelo Rojo,3.7096321898330635e-05,0.0,2.0,0.0,Featherweight
90,Jamey Simmons,3.7096321898330635e-05,0.0,2.0,0.0,Featherweight
91,Peter Barrett,3.7096321898330635e-05,0.0,4.0,0.0,Featherweight
92,Jacob Kilburn,3.7096321898330635e-05,0.0,4.0,0.0,Featherweight
93,TJ Laramie,3.7096321898330635e-05,0.0,3.0,0.0,Featherweight
94,Ray Rodriguez,3.7096321898330635e-05,0.0,2.0,0.0,Featherweight
95,Collin Anglin,3.7096321898330635e-05,0.0,2.0,0.0,Featherweight
96,Johnny Munoz,5.473102156178097e-05,0.0,2.0,0.0,Featherweight
97,Shane Young,8.25327495924875e-05,0.0,4.0,0.0,Featherweight
98,Irwin Rivera,5.473102156178097e-05,0.0,2.0,0.0,Featherweight
99,Justin Jaynes,6.14433692400133e-05,0.0,3.0,0.0,Featherweight
100,Gabriel Benitez,0.00027455368959149916,0.0,4.0,0.0,Featherweight
101,Alejandro Perez,0.00031025908677254457,0.0,1.0,0.0,Featherweight
102,Danny Henry,0.00040563660885754876,0.0,2.0,0.0,Featherweight
103,Luke Sanders,0.0001900448115816749,0.0,2.0,0.0,Featherweight
104,Tristan Connelly,0.00045914298857343855,0.0,3.0,0.0,Featherweight
105,Vince Morales,0.0001620881329849839,0.0,2.0,0.0,Featherweight
106,Thomas Almeida,0.0001501612571868163,0.0,2.0,0.0,Featherweight
107,Mirsad Bektic,0.0005336334295522701,0.0,6.0,0.0,Featherweight
108,Kevin Aguilar,0.0006145235897161677,0.0,5.0,0.0,Featherweight
109,Dan Hooker,0.001455156615756242,0.0,1.0,0.0,Featherweight
110,Marlon Vera,0.0019990546289485834,0.0,2.0,0.0,Featherweight
111,Tony Kelley,8.475268696710892e-05,0.0,2.0,0.0,Featherweight
112,Andre Ewell,0.00027125233866865447,0.0,1.0,0.0,Featherweight
113,Kevin Croom,7.17836796472339e-05,0.0,3.0,0.0,Featherweight
114,Mike Grundy,6.78341013852519e-05,0.0,4.0,0.0,Featherweight
115,Sean Soriano,3.7096321898330635e-05,0.0,1.0,0.0,Featherweight
0,Aljamain Sterling,0.00447707687885315,1.0,7.0,0.00447707687885315,Bantamweight
1,TJ Dillashaw,0.0028178407461944507,1.0,1.0,0.0028178407461944507,Bantamweight
2,Dominick Cruz,0.003818414448584835,0.6,5.0,0.002291048669150901,Bantamweight
3,Rob Font,0.0030442356492771444,0.7142857142857143,7.0,0.00217445403519796,Bantamweight
4,Cody Garbrandt,0.002798513399930457,0.6666666666666666,3.0,0.001865675599953638,Bantamweight
5,Petr Yan,0.0024422082787622303,0.7,10.0,0.001709545795133561,Bantamweight
6,Marlon Vera,0.0019990546289485834,0.8181818181818182,11.0,0.001635590150957932,Bantamweight
7,Jose Aldo,0.0032056877136847723,0.5,8.0,0.0016028438568423862,Bantamweight
8,Merab Dvalishvili,0.0015522942354371577,1.0,7.0,0.0015522942354371577,Bantamweight
9,Song Yadong,0.001780297270422329,0.7777777777777778,9.0,0.0013846756547729227,Bantamweight
10,Cory Sandhagen,0.0022365054645604545,0.6,10.0,0.0013419032787362728,Bantamweight
11,Frankie Edgar,0.0030958841522882486,0.4,5.0,0.0012383536609152995,Bantamweight
12,Ricky Simon,0.0018521671671423482,0.5555555555555556,9.0,0.0010289817595235267,Bantamweight
13,John Dodson,0.001977596829483134,0.5,4.0,0.000988798414741567,Bantamweight
14,Kyler Phillips,0.0009356644264270642,0.875,8.0,0.0008187063731236812,Bantamweight
15,Marlon Moraes,0.0033307212104339927,0.2,10.0,0.0006661442420867985,Bantamweight
16,Rani Yahya,0.0006204102962143518,1.0,5.0,0.0006204102962143518,Bantamweight
17,Cody Stamann,0.0015155121255681792,0.4,5.0,0.0006062048502272718,Bantamweight
18,Pedro Munhoz,0.002306200529369389,0.25,8.0,0.0005765501323423473,Bantamweight
19,Douglas Silva de Andrade,0.0005284069785607156,1.0,2.0,0.0005284069785607156,Bantamweight
20,Raoni Barcelos,0.0007265411145417611,0.6666666666666666,6.0,0.00048436074302784073,Bantamweight
21,Raulian Paiva,0.0009535230319606564,0.5,2.0,0.0004767615159803282,Bantamweight
22,Rogerio Bontorin,0.0004309686045071134,1.0,1.0,0.0004309686045071134,Bantamweight
23,Sean O'Malley,0.0005098354925305992,0.8,10.0,0.0004078683940244794,Bantamweight
24,Casey Kenney,0.0008658057503394209,0.4444444444444444,9.0,0.0003848025557064093,Bantamweight
25,Victor Henry,0.0003823494005997752,1.0,1.0,0.0003823494005997752,Bantamweight
26,Davey Grant,0.0005017670958546564,0.75,8.0,0.0003763253218909923,Bantamweight
27,Brian Kelleher,0.0003550077576675309,1.0,3.0,0.0003550077576675309,Bantamweight
28,Matt Schnell,0.0003473826320275142,1.0,1.0,0.0003473826320275142,Bantamweight
29,Jack Shore,0.0003406516690756778,1.0,8.0,0.0003406516690756778,Bantamweight
30,Louis Smolka,0.0005809532152731248,0.5714285714285714,7.0,0.000331973265870357,Bantamweight
31,Chris Gutierrez,0.00032825409639573335,1.0,6.0,0.00032825409639573335,Bantamweight
32,Said Nurmagomedov,0.0005198461088363573,0.6,5.0,0.00031190766530181434,Bantamweight
33,Brett Johns,0.0002873652438930409,1.0,4.0,0.0002873652438930409,Bantamweight
34,Julio Arce,0.00041644867660535213,0.6666666666666666,3.0,0.00027763245107023475,Bantamweight
35,Kyung Ho Kang,0.0003210647215914761,0.8,5.0,0.0002568517772731809,Bantamweight
36,Adrian Yanez,0.0002406917192589665,1.0,6.0,0.0002406917192589665,Bantamweight
37,Cody Durden,0.0002191577745555844,1.0,2.0,0.0002191577745555844,Bantamweight
38,Alatengheili,0.0002688227851553948,0.8,5.0,0.00021505822812431584,Bantamweight
39,Jonathan Martinez,0.00038414058125103926,0.5555555555555556,9.0,0.00021341143402835516,Bantamweight
40,Timur Valiev,0.00039116675043150034,0.5,2.0,0.00019558337521575017,Bantamweight
41,Nate Maness,0.00018691356674163613,1.0,1.0,0.00018691356674163613,Bantamweight
42,Andre Ewell,0.00027125233866865447,0.6666666666666666,9.0,0.00018083489244576963,Bantamweight
43,Javid Basharat,0.00017349118815613733,1.0,1.0,0.00017349118815613733,Bantamweight
44,Saidyokub Kakhramonov,0.00017349118815613733,1.0,1.0,0.00017349118815613733,Bantamweight
45,Trevin Jones,0.00028693940017298996,0.5,4.0,0.00014346970008649498,Bantamweight
46,Heili Alateng,0.00021079804827260967,0.6666666666666666,3.0,0.00014053203218173977,Bantamweight
47,Nathaniel Wood,0.0002720132516230459,0.5,4.0,0.00013600662581152295,Bantamweight
48,Eddie Wineland,0.00040652030157856914,0.3333333333333333,6.0,0.00013550676719285636,Bantamweight
49,Montel Jackson,0.0001864207285064068,0.7142857142857143,7.0,0.000133157663218862,Bantamweight
50,Umar Nurmagomedov,0.00011715791542833015,1.0,2.0,0.00011715791542833015,Bantamweight
51,Gustavo Lopez,0.0001914573030625506,0.6,5.0,0.00011487438183753036,Bantamweight
52,Ronnie Lawrence,0.0001126452980900984,1.0,3.0,0.0001126452980900984,Bantamweight
53,Alejandro Perez,0.00031025908677254457,0.3333333333333333,3.0,0.00010341969559084818,Bantamweight
54,Mario Bautista,0.00013449144586977102,0.7142857142857143,7.0,9.606531847840787e-05,Bantamweight
55,Amir Albazi,9.373342216586499e-05,1.0,2.0,9.373342216586499e-05,Bantamweight
56,Tyson Nam,9.06610469372476e-05,1.0,4.0,9.06610469372476e-05,Bantamweight
57,Tony Kelley,8.475268696710892e-05,1.0,3.0,8.475268696710892e-05,Bantamweight
58,Vince Morales,0.0001620881329849839,0.5,4.0,8.104406649249195e-05,Bantamweight
59,Tony Gravely,0.0001296574171540622,0.625,8.0,8.103588572128887e-05,Bantamweight
60,Aiemann Zahabi,8.074960025824977e-05,1.0,2.0,8.074960025824977e-05,Bantamweight
61,John Castaneda,0.00012449947378848883,0.6,5.0,7.469968427309329e-05,Bantamweight
62,Hunter Azure,0.00011146172398255523,0.6666666666666666,6.0,7.430781598837015e-05,Bantamweight
63,Ricky Turcios,7.23657212252313e-05,1.0,1.0,7.23657212252313e-05,Bantamweight
64,Jordan Espinosa,6.97811679108058e-05,1.0,2.0,6.97811679108058e-05,Bantamweight
65,Randy Costa,9.472273197994724e-05,0.6666666666666666,6.0,6.314848798663149e-05,Bantamweight
66,Jose Quinonez,0.0001763803359522649,0.3333333333333333,6.0,5.8793445317421635e-05,Bantamweight
67,Miles Johns,9.358398576539257e-05,0.625,8.0,5.8489991103370355e-05,Bantamweight
68,Batgerel Danaa,9.207886828527874e-05,0.6,5.0,5.524732097116724e-05,Bantamweight
69,Chad Anheliger,5.473102156178097e-05,1.0,1.0,5.473102156178097e-05,Bantamweight
70,Aoriqileng,5.473102156178097e-05,1.0,1.0,5.473102156178097e-05,Bantamweight
71,Johnny Munoz,5.473102156178097e-05,1.0,1.0,5.473102156178097e-05,Bantamweight
72,Danaa Batgerel,7.266569041303059e-05,0.6666666666666666,3.0,4.844379360868706e-05,Bantamweight
73,Guido Cannetti,0.0001502627304705773,0.25,4.0,3.7565682617644325e-05,Bantamweight
74,Journey Newson,8.412218766753153e-05,0.42857142857142855,7.0,3.60523661432278e-05,Bantamweight
75,Felipe Colares,8.499281011564811e-05,0.4,5.0,3.399712404625925e-05,Bantamweight
76,Mana Martinez,6.090922397073036e-05,0.5,2.0,3.045461198536518e-05,Bantamweight
77,Irwin Rivera,5.473102156178097e-05,0.5,4.0,2.7365510780890484e-05,Bantamweight
78,Khalid Taha,5.473102156178097e-05,0.4,5.0,2.189240862471239e-05,Bantamweight
79,Anderson Dos Santos,4.59136717300558e-05,0.4,5.0,1.836546869202232e-05,Bantamweight
80,Domingo Pilarte,3.7096321898330635e-05,0.4,5.0,1.4838528759332254e-05,Bantamweight
81,Sergey Morozov,5.010561124656504e-05,0.25,4.0,1.252640281164126e-05,Bantamweight
82,Ray Rodriguez,3.7096321898330635e-05,0.0,2.0,0.0,Bantamweight
83,Drako Rodriguez,3.7096321898330635e-05,0.0,3.0,0.0,Bantamweight
84,Jerome Rivera,3.7096321898330635e-05,0.0,2.0,0.0,Bantamweight
85,Saimon Oliveira,3.7096321898330635e-05,0.0,1.0,0.0,Bantamweight
86,Brady Hiestand,3.7096321898330635e-05,0.0,1.0,0.0,Bantamweight
87,Zviad Lazishvili,3.7096321898330635e-05,0.0,1.0,0.0,Bantamweight
88,Gaetano Pirrello,3.7096321898330635e-05,0.0,3.0,0.0,Bantamweight
89,Victor Rodriguez,3.7096321898330635e-05,0.0,2.0,0.0,Bantamweight
90,Jesse Strader,3.7096321898330635e-05,0.0,3.0,0.0,Bantamweight
91,Kevin Natividad,3.7096321898330635e-05,0.0,4.0,0.0,Bantamweight
92,Liudvik Sholinian,3.7096321898330635e-05,0.0,1.0,0.0,Bantamweight
93,Kris Moutinho,3.7096321898330635e-05,0.0,2.0,0.0,Bantamweight
94,Vince Cachero,3.7096321898330635e-05,0.0,2.0,0.0,Bantamweight
95,Mark Striegl,3.7096321898330635e-05,0.0,2.0,0.0,Bantamweight
96,Jay Perrin,3.7096321898330635e-05,0.0,1.0,0.0,Bantamweight
97,Marcelo Rojo,3.7096321898330635e-05,0.0,1.0,0.0,Bantamweight
98,Daniel Santos,3.7096321898330635e-05,0.0,1.0,0.0,Bantamweight
99,Fernie Garcia,3.7096321898330635e-05,0.0,1.0,0.0,Bantamweight
100,Zarrukh Adashev,0.0001417052663669343,0.0,2.0,0.0,Bantamweight
101,Cameron Else,3.7096321898330635e-05,0.0,3.0,0.0,Bantamweight
102,Jamey Simmons,3.7096321898330635e-05,0.0,1.0,0.0,Bantamweight
103,Jimmie Rivera,0.0013235451812030708,0.0,4.0,0.0,Bantamweight
104,Frankie Saenz,0.0009041790730652677,0.0,2.0,0.0,Bantamweight
105,Thomas Almeida,0.0001501612571868163,0.0,2.0,0.0,Bantamweight
106,Raphael Assuncao,0.004043256823929039,0.0,5.0,0.0,Bantamweight
107,Malcolm Gordon,0.0001327867576511874,0.0,2.0,0.0,Bantamweight
108,Brandon Davis,0.00012244508607002898,0.0,3.0,0.0,Bantamweight
109,Johnny Eduardo,0.00012142040768950218,0.0,1.0,0.0,Bantamweight
110,Anthony Birchak,0.00011296998992631415,0.0,4.0,0.0,Bantamweight
111,Kevin Croom,7.17836796472339e-05,0.0,1.0,0.0,Bantamweight
112,Mark De La Rosa,6.774031091001537e-05,0.0,2.0,0.0,Bantamweight
113,Geraldo de Freitas,6.403447936509743e-05,0.0,4.0,0.0,Bantamweight
114,Cole Smith,6.348345202450488e-05,0.0,4.0,0.0,Bantamweight
115,Martin Day,3.7096321898330635e-05,0.0,4.0,0.0,Bantamweight
116,JP Buys,3.7096321898330635e-05,0.0,1.0,0.0,Bantamweight
117,Ali AlQaisi,3.7096321898330635e-05,0.0,4.0,0.0,Bantamweight
118,Aaron Phillips,3.7096321898330635e-05,0.0,2.0,0.0,Bantamweight
0,Amanda Nunes,0.016237779478865077,0.8,5.0,0.012990223583092063,Women's Bantamweight
1,Julianna Pena,0.009809696307929298,0.7142857142857143,7.0,0.007006925934235213,Women's Bantamweight
2,Germaine de Randamie,0.00576379993276558,0.6666666666666666,6.0,0.0038425332885103866,Women's Bantamweight
3,Holly Holm,0.0026971355830218077,0.6666666666666666,6.0,0.001798090388681205,Women's Bantamweight
4,Raquel Pennington,0.0015505067530162875,0.75,8.0,0.0011628800647622156,Women's Bantamweight
5,Ketlen Vieira,0.0022703112014052632,0.42857142857142855,7.0,0.0009729905148879699,Women's Bantamweight
6,Irene Aldana,0.0015829566378254827,0.5555555555555556,9.0,0.0008794203543474904,Women's Bantamweight
7,Yana Kunitskaya,0.0012316558562148656,0.5714285714285714,7.0,0.0007038033464084946,Women's Bantamweight
8,Norma Dumont,0.0004823298982032487,1.0,2.0,0.0004823298982032487,Women's Bantamweight
9,Miesha Tate,0.0009314170305268309,0.5,2.0,0.00046570851526341544,Women's Bantamweight
10,Alexis Davis,0.00044904614175391013,0.75,4.0,0.0003367846063154326,Women's Bantamweight
11,Aspen Ladd,0.0005669407401976377,0.5714285714285714,7.0,0.00032396613725579296,Women's Bantamweight
12,Macy Chiasson,0.0004751865567089625,0.6666666666666666,6.0,0.000316791037805975,Women's Bantamweight
13,Tracy Cortez,0.0003085359446315188,1.0,4.0,0.0003085359446315188,Women's Bantamweight
14,Sara McMann,0.0004796233097747948,0.6,5.0,0.00028777398586487683,Women's Bantamweight
15,Pannie Kianzad,0.000320221893248975,0.7272727272727273,11.0,0.0002328886496356182,Women's Bantamweight
16,Mayra Bueno Silva,0.00021333466132783527,1.0,1.0,0.00021333466132783527,Women's Bantamweight
17,Lina Lansberg,0.0003013077013274279,0.5714285714285714,7.0,0.0001721758293299588,Women's Bantamweight
18,Josiane Nunes,0.00015759344409670896,1.0,1.0,0.00015759344409670896,Women's Bantamweight
19,Karol Rosa,0.00017000932857382287,0.875,8.0,0.000148758162502095,Women's Bantamweight
20,Sijara Eubanks,0.00038814771125609876,0.3333333333333333,12.0,0.00012938257041869957,Women's Bantamweight
21,Bethe Correia,0.0002938942700897675,0.4,5.0,0.000117557708035907,Women's Bantamweight
22,Julia Avila,0.0001590181697982913,0.7142857142857143,7.0,0.00011358440699877949,Women's Bantamweight
23,Bea Malecki,8.96357958049966e-05,0.8,5.0,7.170863664399728e-05,Women's Bantamweight
24,Jessica-Rose Clark,0.00013000036297441175,0.5,6.0,6.500018148720587e-05,Women's Bantamweight
25,Stephanie Egger,0.00010150752421941683,0.5,4.0,5.075376210970842e-05,Women's Bantamweight
26,Sarah Moras,9.714788740107565e-05,0.3333333333333333,6.0,3.238262913369188e-05,Women's Bantamweight
27,Joselyne Edwards,5.0843646940384335e-05,0.4,5.0,2.0337458776153737e-05,Women's Bantamweight
28,Vanessa Melo,5.2493429842938424e-05,0.25,8.0,1.3123357460734606e-05,Women's Bantamweight
29,Ashlee Evans-Smith,0.0001264617604406789,0.0,2.0,0.0,Women's Bantamweight
30,Sabina Mazo,0.00019174789585129482,0.0,2.0,0.0,Women's Bantamweight
31,Marion Reneau,0.0004945514107297354,0.0,5.0,0.0,Women's Bantamweight
32,Gina Mazany,7.377861876004252e-05,0.0,2.0,0.0,Women's Bantamweight
33,Wu Yanan,5.783052483516115e-05,0.0,3.0,0.0,Women's Bantamweight
34,Shanna Young,4.8788207581153026e-05,0.0,3.0,0.0,Women's Bantamweight
35,Julija Stoliarenko,3.7096321898330635e-05,0.0,4.0,0.0,Women's Bantamweight
36,Sarah Alpar,3.7096321898330635e-05,0.0,2.0,0.0,Women's Bantamweight
0,Valentina Shevchenko,0.006565085473563651,1.0,11.0,0.006565085473563651,Women'sFlyweight
1,Jessica Andrade,0.002065443967853032,0.6,5.0,0.001239266380711819,Women'sFlyweight
2,Marina Rodriguez,0.0011739166237376742,1.0,2.0,0.0011739166237376742,Women'sFlyweight
3,Katlyn Chookagian,0.0010169204472306197,0.7142857142857143,14.0,0.0007263717480218712,Women'sFlyweight
4,Alexa Grasso,0.0004757350909287271,1.0,5.0,0.0004757350909287271,Women'sFlyweight
5,Amanda Ribas,0.00044315785048067857,1.0,2.0,0.00044315785048067857,Women'sFlyweight
6,Maryna Moroz,0.0003563365221411709,1.0,3.0,0.0003563365221411709,Women'sFlyweight
7,Tracy Cortez,0.0003085359446315188,1.0,3.0,0.0003085359446315188,Women'sFlyweight
8,Lauren Murphy,0.00030158176376881326,0.9,10.0,0.00027142358739193194,Women'sFlyweight
9,Manon Fiorot,0.00026360262141484313,1.0,5.0,0.00026360262141484313,Women'sFlyweight
10,Taila Santos,0.00023014588769621307,1.0,6.0,0.00023014588769621307,Women'sFlyweight
11,Cynthia Calvillo,0.0006598047879522472,0.3333333333333333,6.0,0.00021993492931741574,Women'sFlyweight
12,JJ Aldrich,0.0002847929215792215,0.75,8.0,0.00021359469118441613,Women'sFlyweight
13,Sijara Eubanks,0.00038814771125609876,0.5,2.0,0.00019407385562804938,Women'sFlyweight
14,Casey O'Neill,0.00018254263201040677,1.0,5.0,0.00018254263201040677,Women'sFlyweight
15,Maycee Barber,0.00032567362939843323,0.5,8.0,0.00016283681469921662,Women'sFlyweight
16,Jessica Eye,0.000696150435314026,0.2222222222222222,9.0,0.00015470009673645022,Women'sFlyweight
17,Joanne Calderwood,0.0003045870856296906,0.5,4.0,0.0001522935428148453,Women'sFlyweight
18,Viviane Araujo,0.0002261241986328301,0.6666666666666666,9.0,0.00015074946575522005,Women'sFlyweight
19,Sabina Mazo,0.00019174789585129482,0.75,8.0,0.00014381092188847113,Women'sFlyweight
20,Jennifer Maia,0.0003049439562737263,0.45454545454545453,11.0,0.00013861088921533011,Women'sFlyweight
21,Molly McCann,0.00022925315974133787,0.6,10.0,0.00013755189584480272,Women'sFlyweight
22,Montana De La Rosa,0.000271811926085518,0.5,10.0,0.000135905963042759,Women'sFlyweight
23,Erin Blanchfield,0.00012539035368467553,1.0,2.0,0.00012539035368467553,Women'sFlyweight
24,Gillian Robertson,0.0002495229113813875,0.5,14.0,0.00012476145569069374,Women'sFlyweight
25,Mayra Bueno Silva,0.00021333466132783527,0.5714285714285714,7.0,0.00012190552075876301,Women'sFlyweight
26,Andrea Lee,0.0002969477604807862,0.4,10.0,0.00011877910419231448,Women'sFlyweight
27,Cortney Casey,0.0002529286601085854,0.42857142857142855,7.0,0.00010839799718939373,Women'sFlyweight
28,Miranda Maverick,0.00014854764724530023,0.7142857142857143,7.0,0.00010610546231807159,Women'sFlyweight
29,Roxanne Modafferi,0.0003085397947526106,0.3333333333333333,12.0,0.0001028465982508702,Women'sFlyweight
30,Ariane Lipski,0.0001875579280901804,0.5,10.0,9.37789640450902e-05,Women'sFlyweight
31,Joanne Wood,0.00030458708562969066,0.2857142857142857,7.0,8.702488160848305e-05,Women'sFlyweight
32,Priscila Cachoeira,0.00010731294381546708,0.8,5.0,8.585035505237368e-05,Women'sFlyweight
33,Melissa Gatto,0.0001285538545330313,0.6666666666666666,3.0,8.570256968868753e-05,Women'sFlyweight
34,Luana Carolina,0.00016808382208590152,0.5,6.0,8.404191104295076e-05,Women'sFlyweight
35,Lara Procopio,0.00010977863050235442,0.6666666666666666,3.0,7.318575366823627e-05,Women'sFlyweight
36,Jasmine Jasudavicius,6.101752215717852e-05,1.0,1.0,6.101752215717852e-05,Women'sFlyweight
37,Antonina Shevchenko,0.00011871055838820704,0.5,8.0,5.935527919410352e-05,Women'sFlyweight
38,Ji Yeon Kim,0.0001587507735456405,0.3333333333333333,6.0,5.2916924515213496e-05,Women'sFlyweight
39,Justine Kish,0.0001512329807158875,0.3333333333333333,6.0,5.04109935719625e-05,Women'sFlyweight
40,Mariya Agapova,9.821007684827001e-05,0.5,6.0,4.9105038424135006e-05,Women'sFlyweight
41,Shanna Young,4.8788207581153026e-05,1.0,1.0,4.8788207581153026e-05,Women'sFlyweight
42,Gina Mazany,7.377861876004252e-05,0.5,4.0,3.688930938002126e-05,Women'sFlyweight
43,Shana Dobson,0.00011908124172436312,0.25,8.0,2.977031043109078e-05,Women'sFlyweight
44,Liana Jojua,5.793112752107022e-05,0.4,5.0,2.3172451008428088e-05,Women'sFlyweight
45,Hannah Goldy,6.024442407125168e-05,0.3333333333333333,3.0,2.0081474690417226e-05,Women'sFlyweight
46,Liliya Shakirova,3.7096321898330635e-05,0.0,2.0,0.0,Women'sFlyweight
47,Mandy Bohm,3.7096321898330635e-05,0.0,1.0,0.0,Women'sFlyweight
48,Tabatha Ricci,7.23657212252313e-05,0.0,1.0,0.0,Women'sFlyweight
49,Sarah Alpar,3.7096321898330635e-05,0.0,1.0,0.0,Women'sFlyweight
50,Vanessa Demopoulos,5.473102156178097e-05,0.0,1.0,0.0,Women'sFlyweight
51,Diana Belbita,6.573713934304086e-05,0.0,4.0,0.0,Women'sFlyweight
52,Poliana Botelho,9.281094362959069e-05,0.0,4.0,0.0,Women'sFlyweight
53,Rachael Ostovich,7.23657212252313e-05,0.0,2.0,0.0,Women'sFlyweight
54,Kay Hansen,7.547325702155562e-05,0.0,1.0,0.0,Women'sFlyweight
55,Hannah Cifers,8.146906756559521e-05,0.0,2.0,0.0,Women'sFlyweight
56,Loopy Godinez,0.00015996293897899884,0.0,1.0,0.0,Women'sFlyweight
57,Elise Reed,9.511352106715787e-05,0.0,1.0,0.0,Women'sFlyweight
58,Emily Whitmire,9.73802420745734e-05,0.0,1.0,0.0,Women'sFlyweight
59,Mara Romero Borella,0.00026483791624409896,0.0,8.0,0.0,Women'sFlyweight
60,Michelle Waterson,0.00031383934260690433,0.0,2.0,0.0,Women'sFlyweight
61,Paige VanZant,0.00015888026255133633,0.0,2.0,0.0,Women'sFlyweight
62,Victoria Leonardo,3.7096321898330635e-05,0.0,3.0,0.0,Women'sFlyweight
0,Brandon Moreno,0.007937312935639183,0.9166666666666666,12.0,0.007275870191002584,Flyweight
1,Deiveson Figueiredo,0.004974286348003892,0.9285714285714286,14.0,0.0046189801802893286,Flyweight
2,Askar Askarov,0.004295089053771831,0.8888888888888888,9.0,0.0038178569366860717,Flyweight
3,Kai Kara-France,0.0032302415788365356,0.6666666666666666,12.0,0.0021534943858910237,Flyweight
4,Alexandre Pantoja,0.0030651494984001424,0.5555555555555556,9.0,0.0017028608324445237,Flyweight
5,Joseph Benavidez,0.005736345402710033,0.25,8.0,0.0014340863506775083,Flyweight
6,Brandon Royval,0.0018242932073935922,0.6666666666666666,9.0,0.001216195471595728,Flyweight
7,Raulian Paiva,0.0009535230319606564,0.6666666666666666,6.0,0.0006356820213071042,Flyweight
8,Matheus Nicolau,0.000553377924790986,1.0,4.0,0.000553377924790986,Flyweight
9,Alex Perez,0.0007632977928496001,0.6666666666666666,6.0,0.0005088651952330667,Flyweight
10,Tim Elliott,0.0005821311127697712,0.4166666666666667,12.0,0.000242554630320738,Flyweight
11,Matt Schnell,0.0003473826320275142,0.5714285714285714,7.0,0.0001985043611585795,Flyweight
12,Su Mudaerji,0.00015480473262175545,1.0,2.0,0.00015480473262175545,Flyweight
13,Sumudaerji,0.00015480473262175545,1.0,2.0,0.00015480473262175545,Flyweight
14,David Dvorak,0.00017313186703333711,0.8333333333333334,6.0,0.00014427655586111426,Flyweight
15,Rogerio Bontorin,0.0004309686045071134,0.2857142857142857,7.0,0.00012313388700203239,Flyweight
16,Tagir Ulanbekov,0.00015654442947076957,0.75,4.0,0.00011740832210307717,Flyweight
17,Jeff Molina,0.00011601899958515044,1.0,3.0,0.00011601899958515044,Flyweight
18,Bruno Silva,0.0002655851542452536,0.42857142857142855,7.0,0.00011382220896225154,Flyweight
19,Muhammad Mokaev,0.00010655663172752224,1.0,1.0,0.00010655663172752224,Flyweight
20,Jimmy Flick,0.00010655663172752224,1.0,2.0,0.00010655663172752224,Flyweight
21,Amir Albazi,9.373342216586499e-05,1.0,2.0,9.373342216586499e-05,Flyweight
22,Carlos Hernandez,7.23657212252313e-05,1.0,1.0,7.23657212252313e-05,Flyweight
23,Malcolm Gordon,0.0001327867576511874,0.5,4.0,6.63933788255937e-05,Flyweight
24,Ode Osbourne,0.00011471858718903037,0.5,2.0,5.7359293594515186e-05,Flyweight
25,Cody Durden,0.0002191577745555844,0.25,4.0,5.47894436388961e-05,Flyweight
26,Francisco Figueiredo,6.354837139350614e-05,0.75,4.0,4.7661278545129605e-05,Flyweight
27,Zarrukh Adashev,0.0001417052663669343,0.3333333333333333,3.0,4.723508878897809e-05,Flyweight
28,CJ Vergara,7.23657212252313e-05,0.5,2.0,3.618286061261565e-05,Flyweight
29,Manel Kape,0.00010618687249872383,0.3333333333333333,6.0,3.539562416624127e-05,Flyweight
30,Zhalgas Zhumagulov,4.59136717300558e-05,0.16666666666666666,6.0,7.652278621675967e-06,Flyweight
31,Daniel Da Silva,3.7096321898330635e-05,0.0,2.0,0.0,Flyweight
32,Allan Nascimento,3.7096321898330635e-05,0.0,1.0,0.0,Flyweight
33,Jerome Rivera,3.7096321898330635e-05,0.0,3.0,0.0,Flyweight
34,Aori Qileng,3.7096321898330635e-05,0.0,1.0,0.0,Flyweight
35,Victor Rodriguez,3.7096321898330635e-05,0.0,1.0,0.0,Flyweight
36,Denys Bondar,3.7096321898330635e-05,0.0,1.0,0.0,Flyweight
37,Juancamilo Ronderos,3.7096321898330635e-05,0.0,1.0,0.0,Flyweight
38,Aoriqileng,5.473102156178097e-05,0.0,2.0,0.0,Flyweight
39,Victor Altamirano,3.7096321898330635e-05,0.0,1.0,0.0,Flyweight
40,Kleydson Rodrigues,3.7096321898330635e-05,0.0,1.0,0.0,Flyweight
41,Jordan Espinosa,6.97811679108058e-05,0.0,8.0,0.0,Flyweight
42,Jussier Formiga,0.0037250473282872056,0.0,6.0,0.0,Flyweight
43,Tyson Nam,9.06610469372476e-05,0.0,6.0,0.0,Flyweight
44,Cody Garbrandt,0.002798513399930457,0.0,1.0,0.0,Flyweight
45,Ryan Benoit,0.0007735866819369277,0.0,3.0,0.0,Flyweight
46,JP Buys,3.7096321898330635e-05,0.0,2.0,0.0,Flyweight
0,Francis Ngannou,0.010725263797361922,1.0,7.0,0.010725263797361922,Heavyweight
1,Derrick Lewis,0.009091903222751774,0.8181818181818182,11.0,0.007438829909524179,Heavyweight
2,Stipe Miocic,0.011097192148951517,0.6666666666666666,6.0,0.0073981280993010105,Heavyweight
3,Ciryl Gane,0.0034714261132559546,0.9230769230769231,13.0,0.003204393335313189,Heavyweight
4,Curtis Blaydes,0.0037777825154141956,0.8,10.0,0.0030222260123313567,Heavyweight
5,Andrei Arlovski,0.0027416677265993702,0.7333333333333333,15.0,0.002010556332839538,Heavyweight
6,Alistair Overeem,0.003456386419442893,0.5,8.0,0.0017281932097214464,Heavyweight
7,Fabricio Werdum,0.002979311733932731,0.5,4.0,0.0014896558669663656,Heavyweight
8,Tai Tuivasa,0.0020641071633728182,0.6363636363636364,11.0,0.001313522740328157,Heavyweight
9,Jairzinho Rozenstruik,0.0019439068571771257,0.6428571428571429,14.0,0.0012496544081852952,Heavyweight
10,Alexander Volkov,0.0018213958057248856,0.6363636363636364,11.0,0.0011590700581885637,Heavyweight
11,Tom Aspinall,0.0010085748331571931,1.0,8.0,0.0010085748331571931,Heavyweight
12,Marcin Tybura,0.0012655963847800831,0.75,12.0,0.0009491972885850624,Heavyweight
13,Ben Rothwell,0.0018790442686276907,0.5,10.0,0.0009395221343138453,Heavyweight
14,Serghei Spivac,0.0009828166190185398,0.7272727272727273,11.0,0.0007147757229225744,Heavyweight
15,Aleksei Oleinik,0.0015250048226675811,0.4166666666666667,12.0,0.0006354186761114922,Heavyweight
16,Blagoy Ivanov,0.0010144197068332455,0.42857142857142855,7.0,0.00043475130292853375,Heavyweight
17,Marcos Rogerio de Lima,0.0006536360493565011,0.625,8.0,0.00040852253084781317,Heavyweight
18,Devin Clark,0.000388557987296785,1.0,1.0,0.000388557987296785,Heavyweight
19,Chris Daukaus,0.0004992103233101702,0.7777777777777778,9.0,0.0003882746959079102,Heavyweight
20,Augusto Sakai,0.0007506057227800232,0.5,8.0,0.0003753028613900116,Heavyweight
21,Alexandr Romanov,0.00026351603663149345,1.0,8.0,0.00026351603663149345,Heavyweight
22,Walt Harris,0.0008011295026921364,0.2857142857142857,7.0,0.0002288941436263247,Heavyweight
23,Ilir Latifi,0.0006379892738397975,0.3333333333333333,3.0,0.00021266309127993249,Heavyweight
24,Sergei Pavlovich,0.00020437757916970525,1.0,3.0,0.00020437757916970525,Heavyweight
25,Tanner Boser,0.0002880642703501291,0.5833333333333334,12.0,0.00016803749103757532,Heavyweight
26,Jake Collier,0.00020460298433020948,0.42857142857142855,7.0,8.768699328437549e-05,Heavyweight
27,Martin Buday,8.540565179671721e-05,1.0,1.0,8.540565179671721e-05,Heavyweight
28,Jarjis Danho,7.985285972872383e-05,1.0,2.0,7.985285972872383e-05,Heavyweight
29,Greg Hardy,0.0001320604063793484,0.5714285714285714,14.0,7.546308935962765e-05,Heavyweight
30,Carlos Felipe,0.00011123352129070817,0.625,8.0,6.952095080669261e-05,Heavyweight
31,Maurice Greene,0.00019867644259760817,0.3333333333333333,12.0,6.622548086586939e-05,Heavyweight
32,Parker Porter,7.979578137694263e-05,0.6666666666666666,6.0,5.319718758462842e-05,Heavyweight
33,Maxim Grishin,0.00015260419509131182,0.3333333333333333,3.0,5.086806503043727e-05,Heavyweight
34,Rodrigo Nascimento,8.31181298204048e-05,0.6,5.0,4.9870877892242885e-05,Heavyweight
35,Juan Espino,9.38903240971493e-05,0.5,4.0,4.694516204857465e-05,Heavyweight
36,Chris Barnett,0.00010159993681891101,0.3333333333333333,3.0,3.3866645606303665e-05,Heavyweight
37,Don'Tale Mayes,7.207674069276018e-05,0.42857142857142855,7.0,3.089003172546865e-05,Heavyweight
38,Justin Tafa,7.176920353869367e-05,0.375,8.0,2.6913451327010125e-05,Heavyweight
39,Jeff Hughes,6.79244780066762e-05,0.3333333333333333,6.0,2.2641492668892067e-05,Heavyweight
40,Chase Sherman,7.306607891403424e-05,0.2857142857142857,7.0,2.0876022546866925e-05,Heavyweight
41,Raphael Pessoa,5.862092477024864e-05,0.3333333333333333,6.0,1.9540308256749546e-05,Heavyweight
42,Yorgan De Castro,5.984247286895386e-05,0.25,8.0,1.4960618217238465e-05,Heavyweight
43,Josh Parisian,4.885278834063086e-05,0.25,4.0,1.2213197085157715e-05,Heavyweight
44,Jared Vanderaa,5.984247286895386e-05,0.16666666666666666,6.0,9.973745478158976e-06,Heavyweight
45,Alan Baudot,3.7096321898330635e-05,0.0,4.0,0.0,Heavyweight
46,Harry Hunsucker,3.7096321898330635e-05,0.0,3.0,0.0,Heavyweight
47,Philipe Lins,7.008299994135016e-05,0.0,4.0,0.0,Heavyweight
48,Ovince Saint Preux,0.0019980489506357963,0.0,3.0,0.0,Heavyweight
49,Stefan Struve,0.003506930131245562,0.0,4.0,0.0,Heavyweight
50,William Knight,0.00024754410990631087,0.0,2.0,0.0,Heavyweight
51,Junior Dos Santos,0.007446693764939527,0.0,8.0,0.0,Heavyweight
52,Daniel Cormier,0.006917103243367115,0.0,4.0,0.0,Heavyweight
53,Shamil Abdurakhimov,0.0005315697046963077,0.0,4.0,0.0,Heavyweight
54,Alexander Gustafsson,0.0051537993170217965,0.0,2.0,0.0,Heavyweight
55,Gian Villante,0.0007460525343879785,0.0,5.0,0.0,Heavyweight
56,Roque Martinez,3.7096321898330635e-05,0.0,5.0,0.0,Heavyweight
0,Charles Oliveira,0.004039646467652335,1.0,11.0,0.004039646467652335,Lightweight
1,Rafael Dos Anjos,0.0038553622337248357,1.0,2.0,0.0038553622337248357,Lightweight
2,Khabib Nurmagomedov,0.003664369723693664,1.0,4.0,0.003664369723693664,Lightweight
3,Beneil Dariush,0.0031523718846269986,1.0,9.0,0.0031523718846269986,Lightweight
4,Dustin Poirier,0.004791650586343613,0.625,8.0,0.0029947816164647583,Lightweight
5,Islam Makhachev,0.0017562671526037375,1.0,6.0,0.0017562671526037375,Lightweight
6,Ricky Glenn,0.0017114906583203416,1.0,2.0,0.0017114906583203416,Lightweight
7,Rafael Fiziev,0.0014663378067090048,1.0,8.0,0.0014663378067090048,Lightweight
8,Grant Dawson,0.001369153733162824,1.0,4.0,0.001369153733162824,Lightweight
9,Francisco Trinaldo,0.0015547422111165774,0.75,8.0,0.0011660566583374331,Lightweight
10,Renato Moicano,0.001683454015952705,0.6666666666666666,6.0,0.0011223026773018031,Lightweight
11,Justin Gaethje,0.00170509613278824,0.625,8.0,0.0010656850829926499,Lightweight
12,Leonardo Santos,0.0018137730751507718,0.5714285714285714,7.0,0.0010364417572290123,Lightweight
13,Ilia Topuria,0.0008672268652947004,1.0,1.0,0.0008672268652947004,Lightweight
14,Dan Hooker,0.001455156615756242,0.5833333333333334,12.0,0.0008488413591911412,Lightweight
15,Brad Riddell,0.0009521754837944592,0.875,8.0,0.0008331535483201519,Lightweight
16,Clay Guida,0.0024700699166260993,0.3333333333333333,9.0,0.0008233566388753664,Lightweight
17,Bobby Green,0.0012649866195094445,0.6153846153846154,13.0,0.0007784533043135043,Lightweight
18,Jim Miller,0.0017678913559109118,0.4,10.0,0.0007071565423643648,Lightweight
19,Diego Ferreira,0.001546229120249314,0.4444444444444444,9.0,0.0006872129423330284,Lightweight
20,Tony Ferguson,0.00242008573926741,0.25,8.0,0.0006050214348168525,Lightweight
21,Guram Kutateladze,0.0005838600283611886,1.0,2.0,0.0005838600283611886,Lightweight
22,Drew Dober,0.0008154466663861603,0.7,10.0,0.0005708126664703122,Lightweight
23,Alexander Hernandez,0.001053046455853876,0.5,10.0,0.000526523227926938,Lightweight
24,Arman Tsarukyan,0.0004808385011355535,1.0,8.0,0.0004808385011355535,Lightweight
25,Claudio Puelles,0.00043656702079138663,1.0,5.0,0.00043656702079138663,Lightweight
26,Damir Ismagulov,0.00042488621835433675,1.0,3.0,0.00042488621835433675,Lightweight
27,Paul Felder,0.0012340277114500505,0.3333333333333333,6.0,0.00041134257048335015,Lightweight
28,Michael Chandler,0.0006714856133377237,0.6,5.0,0.00040289136800263423,Lightweight
29,Gregor Gillespie,0.0007972351294304378,0.5,4.0,0.0003986175647152189,Lightweight
30,Mateusz Gamrot,0.0005740084656866845,0.6666666666666666,6.0,0.00038267231045778966,Lightweight
31,Thiago Moises,0.0005783101990923635,0.6,10.0,0.00034698611945541813,Lightweight
32,Mark Madsen,0.00034644663438160674,1.0,6.0,0.00034644663438160674,Lightweight
33,Vinc Pichel,0.0003753577017459686,0.8333333333333334,6.0,0.0003127980847883072,Lightweight
34,John Makdessi,0.0005854945171769316,0.5,4.0,0.0002927472585884658,Lightweight
35,Jalin Turner,0.0002521740635403203,1.0,4.0,0.0002521740635403203,Lightweight
36,Joel Alvarez,0.00028213676408143733,0.875,8.0,0.00024686966857125764,Lightweight
37,Charles Rosa,0.0003554543051283685,0.6666666666666666,3.0,0.00023696953675224564,Lightweight
38,Mike Davis,0.00023539827334342098,1.0,4.0,0.00023539827334342098,Lightweight
39,Jared Gordon,0.0004339780847231109,0.5,6.0,0.00021698904236155546,Lightweight
40,Drakkar Klose,0.00034350659231807473,0.6,5.0,0.00020610395539084482,Lightweight
41,Nasrat Haqparast,0.0003327320880306195,0.6,10.0,0.0001996392528183717,Lightweight
42,Joe Solecki,0.00021831673435657154,0.8571428571428571,7.0,0.0001871286294484899,Lightweight
43,Matt Frevola,0.00032994670287366255,0.5,6.0,0.00016497335143683128,Lightweight
44,Scott Holtzman,0.00032248501311921954,0.5,8.0,0.00016124250655960977,Lightweight
45,Luis Pena,0.0002477822014333871,0.6,10.0,0.00014866932086003226,Lightweight
46,TJ Brown,0.0001484748720304529,1.0,1.0,0.0001484748720304529,Lightweight
47,Lando Vannata,0.00043469449207989296,0.3333333333333333,6.0,0.00014489816402663098,Lightweight
48,Gabriel Benitez,0.00027455368959149916,0.5,4.0,0.00013727684479574958,Lightweight
49,Marc Diakiese,0.00024962051090059135,0.5,6.0,0.00012481025545029567,Lightweight
50,Jordan Leavitt,0.00014234249199776677,0.8,5.0,0.00011387399359821343,Lightweight
51,Ludovit Klein,0.00011268519833224915,1.0,1.0,0.00011268519833224915,Lightweight
52,Ottman Azaitar,0.00011050169702090442,1.0,4.0,0.00011050169702090442,Lightweight
53,Terrance McKinney,0.00016234992444113744,0.6666666666666666,3.0,0.00010823328296075829,Lightweight
54,Alan Patrick,0.0003198161385866664,0.3333333333333333,3.0,0.0001066053795288888,Lightweight
55,Roosevelt Roberts,0.0001458676741578587,0.6666666666666666,9.0,9.724511610523913e-05,Lightweight
56,Mason Jones,0.0001898839403988893,0.5,4.0,9.494197019944465e-05,Lightweight
57,Davi Ramos,0.0002706253428858949,0.3333333333333333,6.0,9.020844762863163e-05,Lightweight
58,Rafa Garcia,0.00019271445857539166,0.4,5.0,7.708578343015667e-05,Lightweight
59,Christos Giagos,0.0001541186207931472,0.5,6.0,7.70593103965736e-05,Lightweight
60,Paddy Pimblett,7.435385942177299e-05,1.0,2.0,7.435385942177299e-05,Lightweight
61,Chris Gruetzemacher,0.00029623909818835047,0.25,4.0,7.405977454708762e-05,Lightweight
62,Khama Worthy,0.00016508751860376194,0.4444444444444444,9.0,7.337223049056086e-05,Lightweight
63,Kevin Croom,7.17836796472339e-05,1.0,2.0,7.17836796472339e-05,Lightweight
64,Jamie Mullarkey,0.00013886786264021602,0.375,8.0,5.207544849008101e-05,Lightweight
65,Damir Hadzovic,0.00024975824668556384,0.2,5.0,4.995164933711277e-05,Lightweight
66,Austin Hubbard,0.00010763512055213197,0.46153846153846156,13.0,4.967774794713783e-05,Lightweight
67,Fares Ziam,9.838529282328506e-05,0.5,6.0,4.919264641164253e-05,Lightweight
68,Ignacio Bahamondes,9.780225834370272e-05,0.5,4.0,4.890112917185136e-05,Lightweight
69,Frank Camacho,0.00012790375214921797,0.3333333333333333,6.0,4.263458404973932e-05,Lightweight
70,Rafael Alves,8.459583281289503e-05,0.5,2.0,4.229791640644752e-05,Lightweight
71,Uros Medic,5.473102156178097e-05,0.6666666666666666,3.0,3.6487347707853976e-05,Lightweight
72,Justin Jaynes,6.14433692400133e-05,0.5,4.0,3.072168462000665e-05,Lightweight
73,Brok Weaver,5.7099551123936e-05,0.5,4.0,2.8549775561968e-05,Lightweight
74,Alex Da Silva,5.7099551123936e-05,0.5,4.0,2.8549775561968e-05,Lightweight
75,Viacheslav Borshchev,5.473102156178097e-05,0.5,2.0,2.7365510780890484e-05,Lightweight
76,Natan Levy,5.473102156178097e-05,0.5,2.0,2.7365510780890484e-05,Lightweight
77,Luigi Vendramini,5.444204102930984e-05,0.5,4.0,2.722102051465492e-05,Lightweight
78,Steve Garcia,5.473102156178097e-05,0.3333333333333333,3.0,1.8243673853926988e-05,Lightweight
79,Kazula Vargas,6.311490059479944e-05,0.2857142857142857,7.0,1.8032828741371267e-05,Lightweight
80,Jai Herbert,8.944553510052778e-05,0.2,5.0,1.7889107020105557e-05,Lightweight
81,Rong Zhu,5.473102156178097e-05,0.25,4.0,1.3682755390445242e-05,Lightweight
82,Trey Ogden,3.7096321898330635e-05,0.0,1.0,0.0,Lightweight
83,Roman Bogatov,3.7096321898330635e-05,0.0,2.0,0.0,Lightweight
84,Erick Gonzalez,3.7096321898330635e-05,0.0,1.0,0.0,Lightweight
85,Max Rohskopf,3.7096321898330635e-05,0.0,2.0,0.0,Lightweight
86,Aalon Cruz,3.7096321898330635e-05,0.0,2.0,0.0,Lightweight
87,Mike Breeden,3.7096321898330635e-05,0.0,2.0,0.0,Lightweight
88,Charlie Ontiveros,3.7096321898330635e-05,0.0,1.0,0.0,Lightweight
89,Alexander Munoz,3.7096321898330635e-05,0.0,4.0,0.0,Lightweight
90,Brandon Jenkins,3.7096321898330635e-05,0.0,2.0,0.0,Lightweight
91,Nikolas Motta,3.7096321898330635e-05,0.0,1.0,0.0,Lightweight
92,Jessin Ayari,5.473102156178097e-05,0.0,2.0,0.0,Lightweight
93,Dakota Bush,3.7096321898330635e-05,0.0,3.0,0.0,Lightweight
94,Genaro Valdez,3.7096321898330635e-05,0.0,1.0,0.0,Lightweight
95,Joaquim Silva,0.0003450268078448454,0.0,3.0,0.0,Lightweight
96,Matt Sayles,6.170658217899514e-05,0.0,1.0,0.0,Lightweight
97,David Onama,8.062754287864597e-05,0.0,1.0,0.0,Lightweight
98,Matt Wiman,0.0004238133842958239,0.0,6.0,0.0,Lightweight
99,Conor McGregor,0.003941989284381873,0.0,3.0,0.0,Lightweight
100,Devonte Smith,0.00015584727268128044,0.0,4.0,0.0,Lightweight
101,Joe Duffy,0.00018271446012928507,0.0,2.0,0.0,Lightweight
102,Jeremy Stephens,0.0020286030047954777,0.0,1.0,0.0,Lightweight
103,Michael Johnson,0.0020168152164278625,0.0,6.0,0.0,Lightweight
104,Al Iaquinta,0.0012865119270804469,0.0,3.0,0.0,Lightweight
105,Kevin Aguilar,0.0006145235897161677,0.0,2.0,0.0,Lightweight
106,Yancy Medeiros,0.000559819418243126,0.0,3.0,0.0,Lightweight
107,Jesse Ronson,0.000435025619223445,0.0,1.0,0.0,Lightweight
108,Alexander Yakovlev,0.00029126316072199506,0.0,4.0,0.0,Lightweight
109,Sean Soriano,3.7096321898330635e-05,0.0,1.0,0.0,Lightweight
0,Rafael Dos Anjos,0.0038553622337248357,1.0,1.0,0.0038553622337248357,other
1,Sean Strickland,0.0018496170058115522,1.0,2.0,0.0018496170058115522,other
2,Jim Miller,0.0017678913559109118,1.0,2.0,0.0017678913559109118,other
3,Islam Makhachev,0.0017562671526037375,1.0,1.0,0.0017562671526037375,other
4,Merab Dvalishvili,0.0015522942354371577,1.0,2.0,0.0015522942354371577,other
5,Grant Dawson,0.001369153733162824,1.0,2.0,0.001369153733162824,other
6,Casey Kenney,0.0008658057503394209,1.0,4.0,0.0008658057503394209,other
7,Movsar Evloev,0.0006498241961179599,1.0,2.0,0.0006498241961179599,other
8,Julian Erosa,0.0004441018424675628,1.0,3.0,0.0004441018424675628,other
9,Timur Valiev,0.00039116675043150034,1.0,2.0,0.00039116675043150034,other
10,Chris Gutierrez,0.00032825409639573335,1.0,2.0,0.00032825409639573335,other
11,Herbert Burns,0.00032327845074739436,1.0,2.0,0.00032327845074739436,other
12,Trevin Jones,0.00028693940017298996,1.0,2.0,0.00028693940017298996,other
13,Kyle Daukaus,0.00025896011551193625,1.0,1.0,0.00025896011551193625,other
14,Jalin Turner,0.0002521740635403203,1.0,2.0,0.0002521740635403203,other
15,Nate Maness,0.00018691356674163613,1.0,2.0,0.00018691356674163613,other
16,Marc-Andre Barriault,0.00016926502428367567,1.0,1.0,0.00016926502428367567,other
17,Devonte Smith,0.00015584727268128044,1.0,2.0,0.00015584727268128044,other
18,Christos Giagos,0.0001541186207931472,1.0,2.0,0.0001541186207931472,other
19,Billy Quarantillo,0.00014889108151922963,1.0,2.0,0.00014889108151922963,other
20,Deron Winn,0.00012988376300159213,1.0,2.0,0.00012988376300159213,other
21,Sean Woodson,0.00014480832361889065,0.0,2.0,0.0,other
22,Nad Narimani,6.465670403320475e-05,0.0,2.0,0.0,other
23,Justin Jaynes,6.14433692400133e-05,0.0,2.0,0.0,other
24,Jamie Pickett,0.00012162494829632702,0.0,1.0,0.0,other
25,Jordan Wright,8.439077829902773e-05,0.0,1.0,0.0,other
26,Roosevelt Roberts,0.0001458676741578587,0.0,2.0,0.0,other
27,Spike Carlyle,5.473102156178097e-05,0.0,2.0,0.0,other
28,Brok Weaver,5.7099551123936e-05,0.0,2.0,0.0,other
29,Antonio Arroyo,3.7096321898330635e-05,0.0,2.0,0.0,other
30,Andre Ewell,0.00027125233866865447,0.0,2.0,0.0,other
31,Luke Sanders,0.0001900448115816749,0.0,2.0,0.0,other
32,Gustavo Lopez,0.0001914573030625506,0.0,2.0,0.0,other
33,Nathaniel Wood,0.0002720132516230459,0.0,2.0,0.0,other
34,Charles Jourdain,0.00028221318755233344,0.0,1.0,0.0,other
35,Brendan Allen,0.0006660360511946513,0.0,2.0,0.0,other
36,Nik Lentz,0.0009436396923065718,0.0,2.0,0.0,other
37,Bobby Green,0.0012649866195094445,0.0,1.0,0.0,other
38,Renato Moicano,0.001683454015952705,0.0,1.0,0.0,other
39,Evan Dunham,0.0018329912253452188,0.0,2.0,0.0,other
40,Carlton Minus,3.7096321898330635e-05,0.0,2.0,0.0,other
0,Carla Esparza,0.001735874880365793,1.0,8.0,0.001735874880365793,Women's Strawweight
1,Rose Namajunas,0.0017115737197033367,0.8333333333333334,6.0,0.001426311433086114,Women's Strawweight
2,Marina Rodriguez,0.0011739166237376742,0.8,10.0,0.0009391332989901395,Women's Strawweight
3,Claudia Gadelha,0.0007468763192239164,0.6666666666666666,6.0,0.0004979175461492776,Women's Strawweight
4,Zhang Weili,0.0008412012933024633,0.5714285714285714,7.0,0.00048068645331569333,Women's Strawweight
5,Jessica Andrade,0.002065443967853032,0.2,5.0,0.0004130887935706064,Women's Strawweight
6,Amanda Ribas,0.00044315785048067857,0.7777777777777778,9.0,0.0003446783281516389,Women's Strawweight
7,Yan Xiaonan,0.0004246787062499005,0.75,8.0,0.0003185090296874254,Women's Strawweight
8,Jessica Penne,0.00030649972313386367,1.0,3.0,0.00030649972313386367,Women's Strawweight
9,Mackenzie Dern,0.0003784049390192866,0.75,12.0,0.00028380370426446495,Women's Strawweight
10,Amanda Lemos,0.0003147105808913879,0.8888888888888888,9.0,0.0002797427385701226,Women's Strawweight
11,Randa Markos,0.0010238382186828156,0.23076923076923078,13.0,0.00023627035815757284,Women's Strawweight
12,Tecia Torres,0.00029487453075225723,0.625,8.0,0.00018429658172016078,Women's Strawweight
13,Angela Hill,0.00031337422596293255,0.5,16.0,0.00015668711298146628,Women's Strawweight
14,Virna Jandiroba,0.00023966656223115297,0.625,8.0,0.0001497916013944706,Women's Strawweight
15,Luana Pinheiro,0.00014316904728620247,1.0,3.0,0.00014316904728620247,Women's Strawweight
16,Polyana Viana,0.00011218120716937862,1.0,4.0,0.00011218120716937862,Women's Strawweight
17,Michelle Waterson,0.00031383934260690433,0.3333333333333333,6.0,0.00010461311420230143,Women's Strawweight
18,Montserrat Conejo,0.0001496728966795112,0.6666666666666666,3.0,9.978193111967413e-05,Women's Strawweight
19,Loopy Godinez,0.00015996293897899884,0.6,5.0,9.597776338739931e-05,Women's Strawweight
20,Elise Reed,9.511352106715787e-05,1.0,1.0,9.511352106715787e-05,Women's Strawweight
21,Loma Lookboonmee,0.0001313448152736747,0.6666666666666666,9.0,8.756321018244979e-05,Women's Strawweight
22,Kanako Murata,0.00012582332815522327,0.6666666666666666,3.0,8.388221877014884e-05,Women's Strawweight
23,Tabatha Ricci,7.23657212252313e-05,1.0,1.0,7.23657212252313e-05,Women's Strawweight
24,Piera Rodriguez,6.101752215717852e-05,1.0,1.0,6.101752215717852e-05,Women's Strawweight
25,Vanessa Demopoulos,5.473102156178097e-05,1.0,1.0,5.473102156178097e-05,Women's Strawweight
26,Cheyanne Vlismas,8.130451621977196e-05,0.6666666666666666,3.0,5.4203010813181306e-05,Women's Strawweight
27,Ariane Carnelossi,9.000042088868163e-05,0.5,6.0,4.5000210444340816e-05,Women's Strawweight
28,Cory McKenna,6.101752215717852e-05,0.6666666666666666,3.0,4.067834810478568e-05,Women's Strawweight
29,Ashley Yoder,0.00010149816515599313,0.36363636363636365,11.0,3.690842369308841e-05,Women's Strawweight
30,Jinh Yu Frey,8.072195108577718e-05,0.42857142857142855,7.0,3.4595121893904506e-05,Women's Strawweight
31,Diana Belbita,6.573713934304086e-05,0.5,2.0,3.286856967152043e-05,Women's Strawweight
32,Brianna Van Buren,6.298878052149337e-05,0.5,4.0,3.1494390260746686e-05,Women's Strawweight
33,Kay Hansen,7.547325702155562e-05,0.4,5.0,3.018930280862225e-05,Women's Strawweight
34,Livinha Souza,8.169488072656392e-05,0.2857142857142857,7.0,2.3341394493303976e-05,Women's Strawweight
35,Hannah Cifers,8.146906756559521e-05,0.25,8.0,2.0367266891398803e-05,Women's Strawweight
36,Mallory Martin,5.258915736874657e-05,0.2857142857142857,7.0,1.5025473533927591e-05,Women's Strawweight
37,Gloria de Paula,5.793112752107022e-05,0.25,4.0,1.4482781880267555e-05,Women's Strawweight
38,Sam Hughes,5.473102156178097e-05,0.16666666666666666,6.0,9.121836926963494e-06,Women's Strawweight
39,Istela Nunes,3.7096321898330635e-05,0.0,2.0,0.0,Women's Strawweight
40,Silvana Gomez Juarez,3.7096321898330635e-05,0.0,2.0,0.0,Women's Strawweight
41,Cheyanne Buys,3.7096321898330635e-05,0.0,1.0,0.0,Women's Strawweight
42,Maria Oliveira,3.7096321898330635e-05,0.0,1.0,0.0,Women's Strawweight
43,Inoue Mizuki,5.0843646940384335e-05,0.0,2.0,0.0,Women's Strawweight
44,Hannah Goldy,6.024442407125168e-05,0.0,1.0,0.0,Women's Strawweight
45,Karolina Kowalkiewicz,0.0007682648261211224,0.0,5.0,0.0,Women's Strawweight
46,Nina Nunes,0.00034540485275095606,0.0,4.0,0.0,Women's Strawweight
47,Felice Herrig,0.00027720340812831907,0.0,2.0,0.0,Women's Strawweight
48,Miranda Granger,6.573713934304086e-05,0.0,4.0,0.0,Women's Strawweight
49,Emily Whitmire,9.73802420745734e-05,0.0,4.0,0.0,Women's Strawweight
50,Na Liang,3.7096321898330635e-05,0.0,2.0,0.0,Women's Strawweight
0,Jan Blachowicz,0.007022740763816246,0.9090909090909091,11.0,0.006384309785287496,Light Heavyweight
1,Glover Teixeira,0.0045301889707038065,1.0,7.0,0.0045301889707038065,Light Heavyweight
2,Marvin Vettori,0.0017617345150719404,1.0,1.0,0.0017617345150719404,Light Heavyweight
3,Anthony Smith,0.002613542838077324,0.6363636363636364,11.0,0.0016631636242310243,Light Heavyweight
4,Paul Craig,0.001961147535579868,0.8333333333333334,12.0,0.0016342896129832236,Light Heavyweight
5,Mauricio Rua,0.002743024062425906,0.5714285714285714,7.0,0.001567442321386232,Light Heavyweight
6,Ovince Saint Preux,0.0019980489506357963,0.7142857142857143,7.0,0.0014271778218827116,Light Heavyweight
7,Magomed Ankalaev,0.0011858828974343095,1.0,10.0,0.0011858828974343095,Light Heavyweight
8,Volkan Oezdemir,0.0018682567329751446,0.5714285714285714,7.0,0.0010675752759857968,Light Heavyweight
9,Aleksandar Rakic,0.0012051531814165593,0.75,8.0,0.0009038648860624195,Light Heavyweight
10,Ed Herman,0.001026735086719808,0.8571428571428571,7.0,0.0008800586457598353,Light Heavyweight
11,Jiri Prochazka,0.0008028535909062456,1.0,4.0,0.0008028535909062456,Light Heavyweight
12,Brendan Allen,0.0006660360511946513,1.0,1.0,0.0006660360511946513,Light Heavyweight
13,Tyson Pedro,0.0005600008721500008,1.0,1.0,0.0005600008721500008,Light Heavyweight
14,Jamahal Hill,0.0005773806677309449,0.8888888888888888,9.0,0.0005132272602052844,Light Heavyweight
15,Sam Alvey,0.001541879112514552,0.2857142857142857,7.0,0.000440536889289872,Light Heavyweight
16,Dustin Jacoby,0.0004362845950300093,1.0,9.0,0.0004362845950300093,Light Heavyweight
17,Thiago Santos,0.0031141375550157524,0.125,8.0,0.00038926719437696905,Light Heavyweight
18,Ryan Spann,0.0005560898160344426,0.6666666666666666,9.0,0.0003707265440229617,Light Heavyweight
19,Misha Cirkunov,0.0007061830481684148,0.5,4.0,0.0003530915240842074,Light Heavyweight
20,Dominick Reyes,0.0012947536154318008,0.25,8.0,0.0003236884038579502,Light Heavyweight
21,Eryk Anders,0.00031831142542578926,1.0,3.0,0.00031831142542578926,Light Heavyweight
22,Jimmy Crute,0.0006944599768223645,0.4444444444444444,9.0,0.0003086488785877175,Light Heavyweight
23,Da-Un Jung,0.00029241884682789396,1.0,9.0,0.00029241884682789396,Light Heavyweight
24,Klidson Abreu,0.00042433583612383203,0.6666666666666666,6.0,0.000282890557415888,Light Heavyweight
25,Nikita Krylov,0.0009433856968947751,0.2857142857142857,7.0,0.0002695387705413643,Light Heavyweight
26,Alonzo Menifield,0.000519379377157187,0.5,10.0,0.0002596896885785935,Light Heavyweight
27,Ion Cutelaba,0.00040228634922633434,0.5555555555555556,9.0,0.0002234924162368524,Light Heavyweight
28,Devin Clark,0.000388557987296785,0.5454545454545454,11.0,0.0002119407203437009,Light Heavyweight
29,Khalil Rountree Jr.,0.0005865591885723354,0.3333333333333333,6.0,0.0001955197295241118,Light Heavyweight
30,Michal Oleksiejczuk,0.00047866228149930556,0.375,8.0,0.00017949835556223959,Light Heavyweight
31,William Knight,0.00024754410990631087,0.6666666666666666,6.0,0.00016502940660420725,Light Heavyweight
32,Shamil Gamzatov,0.00023881624691093117,0.6666666666666666,3.0,0.0001592108312739541,Light Heavyweight
33,Johnny Walker,0.0005408991166592965,0.25,8.0,0.00013522477916482414,Light Heavyweight
34,Nicolae Negumereanu,0.00012137900852733589,1.0,3.0,0.00012137900852733589,Light Heavyweight
35,Roman Dolidze,0.00011937138750802401,1.0,4.0,0.00011937138750802401,Light Heavyweight
36,Kennedy Nzechukwu,0.00013087390477427483,0.7142857142857143,7.0,9.348136055305346e-05,Light Heavyweight
37,Jordan Wright,8.439077829902773e-05,1.0,2.0,8.439077829902773e-05,Light Heavyweight
38,Azamat Murzakanov,7.963852764902079e-05,1.0,1.0,7.963852764902079e-05,Light Heavyweight
39,Maxim Grishin,0.00015260419509131182,0.5,4.0,7.630209754565591e-05,Light Heavyweight
40,Philipe Lins,7.008299994135016e-05,1.0,1.0,7.008299994135016e-05,Light Heavyweight
41,Marcin Prachnio,0.00013877579558329713,0.5,6.0,6.938789779164856e-05,Light Heavyweight
42,Jailton Almeida,6.548675012171235e-05,1.0,1.0,6.548675012171235e-05,Light Heavyweight
43,Tafon Nchukwi,8.946597777871284e-05,0.5,2.0,4.473298888935642e-05,Light Heavyweight
44,Danilo Marques,5.971952688172473e-05,0.6666666666666666,6.0,3.9813017921149814e-05,Light Heavyweight
45,Mike Rodriguez,8.712118191826285e-05,0.36363636363636365,11.0,3.168042978845922e-05,Light Heavyweight
46,Aleksa Camur,7.171172760779923e-05,0.4,5.0,2.868469104311969e-05,Light Heavyweight
47,John Allan,5.090217704999956e-05,0.4,5.0,2.0360870819999824e-05,Light Heavyweight
48,Modestas Bukauskas,6.311490059479944e-05,0.2857142857142857,7.0,1.8032828741371267e-05,Light Heavyweight
49,Carlos Ulberg,4.885278834063086e-05,0.3333333333333333,3.0,1.6284262780210286e-05,Light Heavyweight
50,Ike Villanueva,4.59136717300558e-05,0.2857142857142857,7.0,1.3118191922873085e-05,Light Heavyweight
51,Andreas Michailidis,5.473102156178097e-05,0.0,2.0,0.0,Light Heavyweight
52,Vinicius Moreira,3.7096321898330635e-05,0.0,6.0,0.0,Light Heavyweight
53,Fabio Cherant,3.7096321898330635e-05,0.0,4.0,0.0,Light Heavyweight
54,Darren Stewart,0.0002918753664921345,0.0,2.0,0.0,Light Heavyweight
55,Paulo Costa,0.0014486782468697264,0.0,1.0,0.0,Light Heavyweight
56,Israel Adesanya,0.004665980042523535,0.0,2.0,0.0,Light Heavyweight
57,Rogerio Nogueira,0.0011334285446920915,0.0,2.0,0.0,Light Heavyweight
58,Justin Ledet,0.00014578856485573485,0.0,4.0,0.0,Light Heavyweight
59,Gadzhimurad Antigulov,0.00015602910057070023,0.0,4.0,0.0,Light Heavyweight
60,Karl Roberson,0.0002331890291038644,0.0,1.0,0.0,Light Heavyweight
61,Khadis Ibragimov,3.7096321898330635e-05,0.0,8.0,0.0,Light Heavyweight
0,Amanda Nunes,0.016237779478865077,1.0,4.0,0.016237779478865077,Women's Featherweight
1,Raquel Pennington,0.0015505067530162875,1.0,1.0,0.0015505067530162875,Women's Featherweight
2,Megan Anderson,0.0021478824900659902,0.5,8.0,0.0010739412450329951,Women's Featherweight
3,Felicia Spencer,0.0007725281081413896,0.5,10.0,0.0003862640540706948,Women's Featherweight
4,Macy Chiasson,0.0004751865567089625,0.5,2.0,0.00023759327835448126,Women's Featherweight
5,Norma Dumont,0.0004823298982032487,0.4,5.0,0.0001929319592812995,Women's Featherweight
6,Josiane Nunes,0.00015759344409670896,1.0,1.0,0.00015759344409670896,Women's Featherweight
7,Aspen Ladd,0.0005669407401976377,0.0,1.0,0.0,Women's Featherweight
8,Leah Letson,4.59136717300558e-05,0.0,1.0,0.0,Women's Featherweight
9,Ramona Pascual,3.7096321898330635e-05,0.0,1.0,0.0,Women's Featherweight
